Workbook

Sheet Genel
A1: Toplam | B1: Tarih | C1: 45658 | D1: 45659 | E1: 45660 | F1: 45661 | G1: 45662 | H1: 45663 | I1: 45664 | J1: 45665 | K1: 45666 | L1: 45667 | M1: 45668 | N1: 45669 | O1: 45670 | P1: 45671 | Q1: 45672 | R1: 45673 | S1: 45674 | T1: 45675 | U1: 45676 | V1: 45677 | W1: 45678 | X1: 45679 | Y1: 45680 | Z1: 45681 | AA1: 45682 | AB1: 45683 | AC1: 45684 | AD1: 45685 | AE1: 45686 | AF1: 45687 | AG1: 45688 | AH1: 45689 | AI1: 45690 | AJ1: 45691 | AK1: 45692 | AL1: 45693 | AM1: 45694 | AN1: 45695 | AO1: 45696 | AP1: 45697 | AQ1: 45698 | AR1: 45699 | AS1: 45700 | AT1: 45701 | AU1: 45702 | AV1: 45703 | AW1: 45704 | AX1: 45705 | AY1: 45706 | AZ1: 45707 | BA1: 45708 | BB1: 45709 | BC1: 45710 | BD1: 45711 | BE1: 45712 | BF1: 45713 | BG1: 45714 | BH1: 45715 | BI1: 45716 | BJ1: 45717 | BK1: 45718 | BL1: 45719 | BM1: 45720 | BN1: 45721 | BO1: 45722 | BP1: 45723 | BQ1: 45724 | BR1: 45725 | BS1: 45726 | BT1: 45727 | BU1: 45728 | BV1: 45729 | BW1: 45730 | BX1: 45731 | BY1: 45732 | BZ1: 45733 | CA1: 45734 | CB1: 45735 | CC1: 45736 | CD1: 45737 | CE1: 45738 | CF1: 45739 | CG1: 45740 | CH1: 45741 | CI1: 45742 | CJ1: 45743 | CK1: 45744 | CL1: 45745 | CM1: 45746 | CN1: 45747 | CO1: 45748 | CP1: 45749 | CQ1: 45750 | CR1: 45751 | CS1: 45752 | CT1: 45753 | CU1: 45754 | CV1: 45755 | CW1: 45756 | CX1: 45757 | CY1: 45758 | CZ1: 45759 | DA1: 45760 | DB1: 45761 | DC1: 45762 | DD1: 45763 | DE1: 45764 | DF1: 45765 | DG1: 45766 | DH1: 45767 | DI1: 45768 | DJ1: 45769 | DK1: 45770 | DL1: 45771 | DM1: 45772 | DN1: 45773 | DO1: 45774 | DP1: 45775 | DQ1: 45776 | DR1: 45777 | DS1: 45778 | DT1: 45779 | DU1: 45780 | DV1: 45781 | DW1: 45782 | DX1: 45783 | DY1: 45784 | DZ1: 45785 | EA1: 45786 | EB1: 45787 | EC1: 45788 | ED1: 45789 | EE1: 45790 | EF1: 45791 | EG1: 45792 | EH1: 45793 | EI1: 45794 | EJ1: 45795 | EK1: 45796 | EL1: 45797 | EM1: 45798 | EN1: 45799 | EO1: 45800 | EP1: 45801 | EQ1: 45802 | ER1: 45803 | ES1: 45804 | ET1: 45805 | EU1: 45806 | EV1: 45807 | EW1: 45808 | EX1: 45809 | EY1: 45810 | EZ1: 45811 | FA1: 45812 | FB1: 45813 | FC1: 45814 | FD1: 45815 | FE1: 45816 | FF1: 45817 | FG1: 45818 | FH1: 45819 | FI1: 45820 | FJ1: 45821 | FK1: 45822 | FL1: 45823 | FM1: 45824 | FN1: 45825 | FO1: 45826 | FP1: 45827 | FQ1: 45828 | FR1: 45829 | FS1: 45830 | FT1: 45831 | FU1: 45832 | FV1: 45833 | FW1: 45834 | FX1: 45835 | FY1: 45836 | FZ1: 45837 | GA1: 45838 | GB1: 45839 | GC1: 45840 | GD1: 45841 | GE1: 45842 | GF1: 45843 | GG1: 45844 | GH1: 45845 | GI1: 45846 | GJ1: 45847 | GK1: 45848 | GL1: 45849 | GM1: 45850 | GN1: 45851 | GO1: 45852 | GP1: 45853 | GQ1: 45854 | GR1: 45855 | GS1: 45856 | GT1: 45857 | GU1: 45858 | GV1: 45859 | GW1: 45860 | GX1: 45861 | GY1: 45862 | GZ1: 45863 | HA1: 45864 | HB1: 45865 | HC1: 45866 | HD1: 45867 | HE1: 45868 | HF1: 45869 | HG1: 45870 | HH1: 45871 | HI1: 45872 | HJ1: 45873 | HK1: 45874 | HL1: 45875 | HM1: 45876 | HN1: 45877 | HO1: 45878 | HP1: 45879 | HQ1: 45880 | HR1: 45881 | HS1: 45882 | HT1: 45883 | HU1: 45884 | HV1: 45885 | HW1: 45886 | HX1: 45887 | HY1: 45888 | HZ1: 45889 | IA1: 45890 | IB1: 45891 | IC1: 45892 | ID1: 45893 | IE1: 45894 | IF1: 45895 | IG1: 45896 | IH1: 45897 | II1: 45898 | IJ1: 45899 | IK1: 45900 | IL1: 45901 | IM1: 45902 | IN1: 45903 | IO1: 45904 | IP1: 45905 | IQ1: 45906 | IR1: 45907 | IS1: 45908 | IT1: 45909 | IU1: 45910 | IV1: 45911 | IW1: 45912 | IX1: 45913 | IY1: 45914 | IZ1: 45915 | JA1: 45916 | JB1: 45917 | JC1: 45918 | JD1: 45919 | JE1: 45920 | JF1: 45921 | JG1: 45922 | JH1: 45923 | JI1: 45924 | JJ1: 45925 | JK1: 45926 | JL1: 45927 | JM1: 45928 | JN1: 45929 | JO1: 45930 | JP1: 45931 | JQ1: 45932 | JR1: 45933 | JS1: 45934 | JT1: 45935 | JU1: 45936 | JV1: 45937 | JW1: 45938 | JX1: 45939 | JY1: 45940 | JZ1: 45941 | KA1: 45942 | KB1: 45943 | KC1: 45944 | KD1: 45945 | KE1: 45946 | KF1: 45947 | KG1: 45948 | KH1: 45949 | KI1: 45950 | KJ1: 45951 | KK1: 45952 | KL1: 45953 | KM1: 45954 | KN1: 45955 | KO1: 45956 | KP1: 45957 | KQ1: 45958 | KR1: 45959 | KS1: 45960 | KT1: 45961 | KU1: 45962 | KV1: 45963 | KW1: 45964 | KX1: 45965 | KY1: 45966 | KZ1: 45967 | LA1: 45968 | LB1: 45969 | LC1: 45970 | LD1: 45971 | LE1: 45972 | LF1: 45973 | LG1: 45974 | LH1: 45975 | LI1: 45976 | LJ1: 45977 | LK1: 45978 | LL1: 45979 | LM1: 45980 | LN1: 45981 | LO1: 45982 | LP1: 45983 | LQ1: 45984 | LR1: 45985 | LS1: 45986 | LT1: 45987 | LU1: 45988 | LV1: 45989 | LW1: 45990 | LX1: 45991 | LY1: 45992 | LZ1: 45993 | MA1: 45994 | MB1: 45995 | MC1: 45996 | MD1: 45997 | ME1: 45998 | MF1: 45999 | MG1: 46000 | MH1: 46001 | MI1: 46002 | MJ1: 46003 | MK1: 46004 | ML1: 46005 | MM1: 46006 | MN1: 46007 | MO1: 46008 | MP1: 46009 | MQ1: 46010 | MR1: 46011 | MS1: 46012 | MT1: 46013 | MU1: 46014 | MV1: 46015 | MW1: 46016 | MX1: 46017 | MY1: 46018 | MZ1: 46019 | NA1: 46020 | NB1: 46021 | NC1: 46022
B2: Hafta | C2: 1. Hafta | D2: 1. Hafta | E2: 1. Hafta | F2: 1. Hafta | G2: 1. Hafta | H2: 2. Hafta | I2: 2. Hafta | J2: 2. Hafta | K2: 2. Hafta | L2: 2. Hafta | M2: 2. Hafta | N2: 2. Hafta | O2: 3. Hafta | P2: 3. Hafta | Q2: 3. Hafta | R2: 3. Hafta | S2: 3. Hafta | T2: 3. Hafta | U2: 3. Hafta | V2: 4. Hafta | W2: 4. Hafta | X2: 4. Hafta | Y2: 4. Hafta | Z2: 4. Hafta | AA2: 4. Hafta | AB2: 4. Hafta | AC2: 5. Hafta | AD2: 5. Hafta | AE2: 5. Hafta | AF2: 5. Hafta | AG2: 5. Hafta | AH2: 5. Hafta | AI2: 5. Hafta | AJ2: 6. Hafta | AK2: 6. Hafta | AL2: 6. Hafta | AM2: 6. Hafta | AN2: 6. Hafta | AO2: 6. Hafta | AP2: 6. Hafta | AQ2: 7. Hafta | AR2: 7. Hafta | AS2: 7. Hafta | AT2: 7. Hafta | AU2: 7. Hafta | AV2: 7. Hafta | AW2: 7. Hafta | AX2: 8. Hafta | AY2: 8. Hafta | AZ2: 8. Hafta | BA2: 8. Hafta | BB2: 8. Hafta | BC2: 8. Hafta | BD2: 8. Hafta | BE2: 9. Hafta | BF2: 9. Hafta | BG2: 9. Hafta | BH2: 9. Hafta | BI2: 9. Hafta | BJ2: 9. Hafta | BK2: 9. Hafta | BL2: 10. Hafta | BM2: 10. Hafta | BN2: 10. Hafta | BO2: 10. Hafta | BP2: 10. Hafta | BQ2: 10. Hafta | BR2: 10. Hafta | BS2: 11. Hafta | BT2: 11. Hafta | BU2: 11. Hafta | BV2: 11. Hafta | BW2: 11. Hafta | BX2: 11. Hafta | BY2: 11. Hafta | BZ2: 12. Hafta | CA2: 12. Hafta | CB2: 12. Hafta | CC2: 12. Hafta | CD2: 12. Hafta | CE2: 12. Hafta | CF2: 12. Hafta | CG2: 13. Hafta | CH2: 13. Hafta | CI2: 13. Hafta | CJ2: 13. Hafta | CK2: 13. Hafta | CL2: 13. Hafta | CM2: 13. Hafta | CN2: 14. Hafta | CO2: 14. Hafta | CP2: 14. Hafta | CQ2: 14. Hafta | CR2: 14. Hafta | CS2: 14. Hafta | CT2: 14. Hafta | CU2: 15. Hafta | CV2: 15. Hafta | CW2: 15. Hafta | CX2: 15. Hafta | CY2: 15. Hafta | CZ2: 15. Hafta | DA2: 15. Hafta | DB2: 16. Hafta | DC2: 16. Hafta | DD2: 16. Hafta | DE2: 16. Hafta | DF2: 16. Hafta | DG2: 16. Hafta | DH2: 16. Hafta | DI2: 17. Hafta | DJ2: 17. Hafta | DK2: 17. Hafta | DL2: 17. Hafta | DM2: 17. Hafta | DN2: 17. Hafta | DO2: 17. Hafta | DP2: 18. Hafta | DQ2: 18. Hafta | DR2: 18. Hafta | DS2: 18. Hafta | DT2: 18. Hafta | DU2: 18. Hafta | DV2: 18. Hafta | DW2: 19. Hafta | DX2: 19. Hafta | DY2: 19. Hafta | DZ2: 19. Hafta | EA2: 19. Hafta | EB2: 19. Hafta | EC2: 19. Hafta | ED2: 20. Hafta | EE2: 20. Hafta | EF2: 20. Hafta | EG2: 20. Hafta | EH2: 20. Hafta | EI2: 20. Hafta | EJ2: 20. Hafta | EK2: 21. Hafta | EL2: 21. Hafta | EM2: 21. Hafta | EN2: 21. Hafta | EO2: 21. Hafta | EP2: 21. Hafta | EQ2: 21. Hafta | ER2: 22. Hafta | ES2: 22. Hafta | ET2: 22. Hafta | EU2: 22. Hafta | EV2: 22. Hafta | EW2: 22. Hafta | EX2: 22. Hafta | EY2: 23. Hafta | EZ2: 23. Hafta | FA2: 23. Hafta | FB2: 23. Hafta | FC2: 23. Hafta | FD2: 23. Hafta | FE2: 23. Hafta | FF2: 24. Hafta | FG2: 24. Hafta | FH2: 24. Hafta | FI2: 24. Hafta | FJ2: 24. Hafta | FK2: 24. Hafta | FL2: 24. Hafta | FM2: 25. Hafta | FN2: 25. Hafta | FO2: 25. Hafta | FP2: 25. Hafta | FQ2: 25. Hafta | FR2: 25. Hafta | FS2: 25. Hafta | FT2: 26. Hafta | FU2: 26. Hafta | FV2: 26. Hafta | FW2: 26. Hafta | FX2: 26. Hafta | FY2: 26. Hafta | FZ2: 26. Hafta | GA2: 27. Hafta | GB2: 27. Hafta | GC2: 27. Hafta | GD2: 27. Hafta | GE2: 27. Hafta | GF2: 27. Hafta | GG2: 27. Hafta | GH2: 28. Hafta | GI2: 28. Hafta | GJ2: 28. Hafta | GK2: 28. Hafta | GL2: 28. Hafta | GM2: 28. Hafta | GN2: 28. Hafta | GO2: 29. Hafta | GP2: 29. Hafta | GQ2: 29. Hafta | GR2: 29. Hafta | GS2: 29. Hafta | GT2: 29. Hafta | GU2: 29. Hafta | GV2: 30. Hafta | GW2: 30. Hafta | GX2: 30. Hafta | GY2: 30. Hafta | GZ2: 30. Hafta | HA2: 30. Hafta | HB2: 30. Hafta | HC2: 31. Hafta | HD2: 31. Hafta | HE2: 31. Hafta | HF2: 31. Hafta | HG2: 31. Hafta | HH2: 31. Hafta | HI2: 31. Hafta | HJ2: 32. Hafta | HK2: 32. Hafta | HL2: 32. Hafta | HM2: 32. Hafta | HN2: 32. Hafta | HO2: 32. Hafta | HP2: 32. Hafta | HQ2: 33. Hafta | HR2: 33. Hafta | HS2: 33. Hafta | HT2: 33. Hafta | HU2: 33. Hafta | HV2: 33. Hafta | HW2: 33. Hafta | HX2: 34. Hafta | HY2: 34. Hafta | HZ2: 34. Hafta | IA2: 34. Hafta | IB2: 34. Hafta | IC2: 34. Hafta | ID2: 34. Hafta | IE2: 35. Hafta | IF2: 35. Hafta | IG2: 35. Hafta | IH2: 35. Hafta | II2: 35. Hafta | IJ2: 35. Hafta | IK2: 35. Hafta | IL2: 36. Hafta | IM2: 36. Hafta | IN2: 36. Hafta | IO2: 36. Hafta | IP2: 36. Hafta | IQ2: 36. Hafta | IR2: 36. Hafta | IS2: 37. Hafta | IT2: 37. Hafta | IU2: 37. Hafta | IV2: 37. Hafta | IW2: 37. Hafta | IX2: 37. Hafta | IY2: 37. Hafta | IZ2: 38. Hafta | JA2: 38. Hafta | JB2: 38. Hafta | JC2: 38. Hafta | JD2: 38. Hafta | JE2: 38. Hafta | JF2: 38. Hafta | JG2: 39. Hafta | JH2: 39. Hafta | JI2: 39. Hafta | JJ2: 39. Hafta | JK2: 39. Hafta | JL2: 39. Hafta | JM2: 39. Hafta | JN2: 40. Hafta | JO2: 40. Hafta | JP2: 40. Hafta | JQ2: 40. Hafta | JR2: 40. Hafta | JS2: 40. Hafta | JT2: 40. Hafta | JU2: 41. Hafta | JV2: 41. Hafta | JW2: 41. Hafta | JX2: 41. Hafta | JY2: 41. Hafta | JZ2: 41. Hafta | KA2: 41. Hafta | KB2: 42. Hafta | KC2: 42. Hafta | KD2: 42. Hafta | KE2: 42. Hafta | KF2: 42. Hafta | KG2: 42. Hafta | KH2: 42. Hafta | KI2: 43. Hafta | KJ2: 43. Hafta | KK2: 43. Hafta | KL2: 43. Hafta | KM2: 43. Hafta | KN2: 43. Hafta | KO2: 43. Hafta | KP2: 44. Hafta | KQ2: 44. Hafta | KR2: 44. Hafta | KS2: 44. Hafta | KT2: 44. Hafta | KU2: 44. Hafta | KV2: 44. Hafta | KW2: 45. Hafta | KX2: 45. Hafta | KY2: 45. Hafta | KZ2: 45. Hafta | LA2: 45. Hafta | LB2: 45. Hafta | LC2: 45. Hafta | LD2: 46. Hafta | LE2: 46. Hafta | LF2: 46. Hafta | LG2: 46. Hafta | LH2: 46. Hafta | LI2: 46. Hafta | LJ2: 46. Hafta | LK2: 47. Hafta | LL2: 47. Hafta | LM2: 47. Hafta | LN2: 47. Hafta | LO2: 47. Hafta | LP2: 47. Hafta | LQ2: 47. Hafta | LR2: 48. Hafta | LS2: 48. Hafta | LT2: 48. Hafta | LU2: 48. Hafta | LV2: 48. Hafta | LW2: 48. Hafta | LX2: 48. Hafta | LY2: 49. Hafta | LZ2: 49. Hafta | MA2: 49. Hafta | MB2: 49. Hafta | MC2: 49. Hafta | MD2: 49. Hafta | ME2: 49. Hafta | MF2: 50. Hafta | MG2: 50. Hafta | MH2: 50. Hafta | MI2: 50. Hafta | MJ2: 50. Hafta | MK2: 50. Hafta | ML2: 50. Hafta | MM2: 51. Hafta | MN2: 51. Hafta | MO2: 51. Hafta | MP2: 51. Hafta | MQ2: 51. Hafta | MR2: 51. Hafta | MS2: 51. Hafta | MT2: 52. Hafta | MU2: 52. Hafta | MV2: 52. Hafta | MW2: 52. Hafta | MX2: 52. Hafta | MY2: 52. Hafta | MZ2: 52. Hafta | NA2: 1. Hafta | NB2: 1. Hafta | NC2: 1. Hafta
A3: =SUM(C3:NC3) -> 1270430.2 | B3: Gerçekleşen Çalışma Saat | D3: 3669.9167 | E3: 3620.0833 | F3: 2201.5833 | G3: 1794.4167 | H3: 3518.6667 | I3: 3217.1667 | J3: 3283.3333 | K3: 3279.0833 | L3: 3231.5833 | M3: 1865.0833 | N3: 1768.4167 | O3: 3075.8333 | P3: 3198.5 | Q3: 3620.3333 | R3: 3810.9167 | S3: 3510.0833 | T3: 2065.25 | U3: 1724 | V3: 3434 | W3: 3562.6667 | X3: 3435.1667 | Y3: 2864.25 | Z3: 3009.25 | AA3: 2037.4167 | AB3: 1803.4167 | AC3: 2864.1667 | AD3: 2774.9167 | AE3: 2926.5833 | AF3: 2960.25 | AG3: 2597.8333 | AH3: 1822.4167 | AI3: 1723.1667 | AJ3: 2523.9167 | AK3: 2724 | AL3: 3169.4167 | AM3: 3054.1667 | AN3: 3181.3333 | AO3: 1844.4167 | AP3: 1584.25 | AQ3: 2897.4167 | AR3: 3475.6667 | AS3: 3254.1667 | AT3: 3074.8333 | AU3: 2520.6667 | AV3: 1339.5833 | AW3: 1546.5833 | AX3: 3002.1667 | AY3: 3199.0833 | AZ3: 3094.0833 | BA3: 2965.0833 | BB3: 2536.75 | BC3: 859.75 | BD3: 1098.5833 | BE3: 3240.8333 | BF3: 3005.9167 | BG3: 3129.25 | BH3: 2782 | BI3: 2570.5 | BJ3: 1391.0833 | BK3: 732 | BL3: 2847.6667 | BM3: 2798.9167 | BN3: 2778.0833 | BO3: 2822 | BP3: 3137.9167 | BQ3: 2661.5033 | BR3: 1503.3333 | BS3: 4413.1667 | BT3: 3918.5 | BU3: 3807.6667 | BV3: 3990.5833 | BW3: 3888.5833 | BX3: 2560 | BY3: 1412.0833 | BZ3: 4755.0833 | CA3: 5274.3333 | CB3: 5029.25 | CC3: 5199.3333 | CD3: 5182.5 | CE3: 4447.8333 | CF3: 4378 | CG3: 5223.6667 | CH3: 5286.0833 | CI3: 4191.4167 | CJ3: 3247.5833 | CK3: 3195.9167 | CL3: 869.75 | CP3: 2833.0833 | CQ3: 3679.4167 | CR3: 3130.25 | CS3: 2021.8333 | CT3: 1779.9167 | CU3: 2980.3333 | CV3: 2928.9167 | CW3: 2959.3333 | CX3: 3026.4167 | CY3: 3527.5 | CZ3: 2005.75 | DA3: 1482.75 | DB3: 3593.0833 | DC3: 3937.3333 | DD3: 3643.0833 | DE3: 3648.25 | DF3: 3584.6667 | DG3: 1907.5 | DH3: 1915.8333 | DI3: 3663.5 | DJ3: 3372.3333 | DK3: 655.6 | DM3: 4370.1667 | DN3: 4107 | DO3: 2919.1667 | DP3: 3076.25 | DQ3: 3169.4167 | DR3: 3581.0833 | DT3: 4170.3333 | DU3: 2668.5 | DV3: 1284.25 | DW3: 4269 | DX3: 4087.5 | DY3: 4287.75 | DZ3: 4165.4167 | EA3: 4188.25 | EB3: 2556 | EC3: 1339.8333 | ED3: 5161.9167 | EE3: 4563.1667 | EF3: 4493.8333 | EG3: 4282 | EH3: 4279.5 | EI3: 2679.5833 | EJ3: 1418.75 | EK3: 5278.6667 | EL3: 4829.0833 | EM3: 5236.75 | EN3: 4849 | EO3: 4411.75 | EP3: 3887.8333 | EQ3: 1557.5833 | ER3: 5328.1667 | ES3: 5470.8333 | ET3: 5428.8333 | EU3: 5474.8333 | EV3: 5395.0833 | EW3: 5636.6667 | EX3: 4580.1667 | EY3: 4415.9167 | EZ3: 3913.5 | FA3: 3266.6667 | FB3: 1706.0833 | FG3: 4655.5 | FH3: 4979.8333 | FI3: 5029.6667 | FJ3: 5177.5 | FK3: 5372.25 | FL3: 4733.75 | FM3: 4652.9167 | FN3: 4748.5833 | FO3: 5172.3333 | FP3: 5093.4167 | FQ3: 4387.8333 | FR3: 3351.1667 | FS3: 1318.25 | FT3: 4802 | FU3: 4359.75 | FV3: 4567.8333 | FW3: 4381.9167 | FX3: 4780.9167 | FY3: 3636.4167 | FZ3: 1367 | GA3: 4963.75 | GB3: 4697 | GC3: 3897.75 | GD3: 4251.8333 | GE3: 3489.9167 | GF3: 2660.5 | GG3: 1201.9167 | GH3: 3648.0833 | GI3: 4254.75 | GJ3: 4472.25 | GK3: 4013.5833 | GL3: 3698.3333 | GM3: 2746 | GN3: 1256.3333 | GO3: 3721.6667 | GQ3: 4767.0833 | GR3: 4556 | GS3: 4551.9167 | GT3: 4144.5 | GU3: 2730.6667 | GV3: 3066.5 | GW3: 2940.3333 | GX3: 3117 | GY3: 3046.1667 | GZ3: 3098.5 | HA3: 1730.5 | HB3: 1391.3333 | HC3: 3228.25 | HD3: 3247.6667 | HE3: 3242.3333 | HF3: 3184.4167 | HG3: 3127.5 | HH3: 1757.8333 | HI3: 1328.25 | HJ3: 3176.0833 | HK3: 2885.5833 | HL3: 2913.25 | HM3: 2887.1667 | HN3: 2859.6667 | HO3: 1607.5833 | HP3: 1219.8333 | HQ3: 3020.5833 | HR3: 3041.75 | HS3: 2961.4167 | HT3: 2970.4167 | HU3: 2662.3333 | HV3: 1569.4167 | HW3: 1219.5 | HX3: 2870.8333 | HY3: 2926.0833 | HZ3: 2680.6667 | IA3: 3094.9167 | IB3: 2821.4167 | IC3: 2777.9167 | ID3: 2702.9167 | IE3: 3163.5 | IF3: 3104.5833 | IG3: 3674.25 | IH3: 3660.6667 | II3: 3556.1667 | IJ3: 2953.0833 | IK3: 2785.5 | IL3: 3153.3333 | IM3: 3228.0833 | IN3: 3229.25 | IO3: 3113.4167 | IP3: 3085.9167 | IQ3: 2788.75 | IR3: 2723 | IS3: 3588.9167 | IT3: 4019 | IU3: 4636 | IV3: 5028.3333 | IW3: 4383.1667 | IX3: 2933.5833 | IY3: 1883.3333 | IZ3: 3980.6667 | JA3: 4040 | JB3: 3851.4167 | JC3: 3562.8333 | JD3: 3515.6667 | JE3: 1894.5 | JF3: 1812.0833 | JG3: 3681.5833 | JH3: 4170.5 | JI3: 4376.0833 | JJ3: 4421.5 | JK3: 3969.0833 | JL3: 1929.8333 | JM3: 1846.5833 | JN3: 4461.3333 | JO3: 4649.4167 | JP3: 4449.5833 | JQ3: 4199.6667 | JR3: 3876.0833 | JS3: 1967.5 | JT3: 1850.9167 | JU3: 3892.5833 | JV3: 3933.6833 | JW3: 4912.4167 | JX3: 5089.3333 | JY3: 4887.5 | JZ3: 3191.5833 | KA3: 1811.4167 | KB3: 5508.25 | KC3: 5620.1667 | KD3: 6043.75 | KE3: 6085.9167 | KF3: 5746 | KG3: 5513.75 | KH3: 3894 | KI3: 5589.25 | KJ3: 5799.25 | KK3: 6031.1667 | KL3: 5954.5 | KM3: 5734.8333 | KN3: 3728.1667 | KO3: 2947.5 | KP3: 6445.6667 | KQ3: 6124.3333 | KR3: 6044.25 | KS3: 5837.4167 | KT3: 6378.75 | KU3: 3486.6667 | KV3: 2225.5 | KW3: 6425.4167 | KX3: 6592.8333 | KY3: 5842.1667 | KZ3: 4790.25 | LA3: 4658.25 | LB3: 2626 | LC3: 2390.1667 | LD3: 4880.6667 | LE3: 4930 | LF3: 4868.5 | LG3: 5041.25 | LH3: 4971.5833 | LI3: 2696.4167 | LJ3: 2383.75 | LK3: 5505.5833 | LL3: 5401.3333 | LM3: 4922.3333 | LN3: 4853.9167 | LO3: 4865.5 | LP3: 2653.0833 | LQ3: 2377.5833 | LR3: 4677.25 | LS3: 4656.9167 | LT3: 4679.1667 | LU3: 5295.5 | LV3: 5260.5 | LW3: 3251.6667 | LX3: 2178.75 | LY3: 5887.3159 | LZ3: 5808.7309 | MA3: 5423.7943 | MB3: 5682.3435 | MC3: 5216.9252 | MD3: 3190.3407 | ME3: 2172.3464 | MF3: 5276.3753 | MG3: 5706.9825 | MH3: 5757.4743 | MI3: 5269.0218 | MJ3: 4838.8238 | MK3: 2867.3889 | ML3: 2114.6667 | MM3: 4165.2853 | MN3: 4292.785 | MO3: 4377.3293 | MP3: 4455.9587 | MQ3: 4184.9291 | MR3: 4078.5569 | MS3: 4097.3251 | MT3: 4216.0833 | MU3: 3954.25 | MV3: 3949.4167 | MW3: 3969.75 | MX3: 3950.0833 | MY3: 2278.25 | MZ3: 2164.75 | NA3: 3826.25 | NB3: 3730.1667 | NC3: 2574.5833
A4: =SUM(C4:NC4) -> 46561483 | B4: Gerçekleşen Adet | D4: 112272 | E4: 100571 | F4: 64283 | G4: 53705 | H4: 78875 | I4: 85934 | J4: 98481 | K4: 109676 | L4: 97587 | M4: 62782 | N4: 65347 | O4: 83397 | P4: 76464 | Q4: 95772 | R4: 163666 | S4: 136593 | T4: 71777 | U4: 73898 | V4: 84392 | W4: 115558 | X4: 94829 | Y4: 91123 | Z4: 84949 | AA4: 66709 | AB4: 68922 | AC4: 63112 | AD4: 76940 | AE4: 89449 | AF4: 111380 | AG4: 80937 | AH4: 68663 | AI4: 68499 | AJ4: 65276 | AK4: 95962 | AL4: 102488 | AM4: 122309 | AN4: 136825 | AO4: 91682 | AP4: 77478 | AQ4: 121851 | AR4: 146953 | AS4: 128380 | AT4: 118994 | AU4: 86037 | AV4: 47577 | AW4: 62152 | AX4: 87656 | AY4: 124963 | AZ4: 134000 | BA4: 121443 | BB4: 83957 | BC4: 35647 | BD4: 46036 | BE4: 137132 | BF4: 121965 | BG4: 125239 | BH4: 113913 | BI4: 86359 | BJ4: 65051 | BK4: 24869 | BL4: 118917 | BM4: 112453 | BN4: 126662 | BO4: 149701 | BP4: 127933 | BQ4: 116549 | BR4: 65109 | BS4: 183552 | BT4: 170370 | BU4: 165829 | BV4: 157981 | BW4: 153950 | BX4: 118516 | BY4: 66734 | BZ4: 195308 | CA4: 207982 | CB4: 148771 | CC4: 234873 | CD4: 206330 | CE4: 185973 | CF4: 200735 | CG4: 229540 | CH4: 223857 | CI4: 188537 | CJ4: 125341 | CK4: 95520 | CL4: 34156 | CP4: 151135 | CQ4: 181697 | CR4: 124201 | CS4: 99036 | CT4: 70587 | CU4: 101993 | CV4: 119643 | CW4: 120660 | CX4: 115500 | CY4: 117091 | CZ4: 100997 | DA4: 66893 | DB4: 146527 | DC4: 146149 | DD4: 159848 | DE4: 173715 | DF4: 155339 | DG4: 82863 | DH4: 83020 | DI4: 117436 | DJ4: 129319 | DK4: 33313 | DM4: 124585 | DN4: 159769 | DO4: 137155 | DP4: 118043 | DQ4: 118024 | DR4: 113793 | DT4: 160525 | DU4: 123501 | DV4: 74789 | DW4: 168460 | DX4: 165984 | DY4: 179698 | DZ4: 168583 | EA4: 171544 | EB4: 117670 | EC4: 69342 | ED4: 200496 | EE4: 153713 | EF4: 167963 | EG4: 184208 | EH4: 154502 | EI4: 115669 | EJ4: 68451 | EK4: 161698 | EL4: 194175 | EM4: 184357 | EN4: 202925 | EO4: 176237 | EP4: 122700 | EQ4: 67145 | ER4: 183290 | ES4: 211448 | ET4: 213572 | EU4: 213646 | EV4: 206946 | EW4: 237238 | EX4: 187680 | EY4: 206743 | EZ4: 162268 | FA4: 85896 | FB4: 43934 | FG4: 115252 | FH4: 190850 | FI4: 190826 | FJ4: 186095 | FK4: 205995 | FL4: 192365 | FM4: 189360 | FN4: 187350 | FO4: 176527 | FP4: 214254 | FQ4: 158649 | FR4: 141784 | FS4: 56689 | FT4: 137509 | FU4: 131670 | FV4: 170743 | FW4: 156646 | FX4: 184067 | FY4: 134937 | FZ4: 67947 | GA4: 176223 | GB4: 191012 | GC4: 136109 | GD4: 163120 | GE4: 127130 | GF4: 77220 | GG4: 49123 | GH4: 91732 | GI4: 140810 | GJ4: 167834 | GK4: 147667 | GL4: 129191 | GM4: 111857 | GN4: 55959 | GO4: 95558 | GQ4: 168204 | GR4: 144463 | GS4: 176674 | GT4: 187456 | GU4: 160892 | GV4: 114555 | GW4: 106171 | GX4: 130055 | GY4: 111382 | GZ4: 115143 | HA4: 72124 | HB4: 61822 | HC4: 122307 | HD4: 96343 | HE4: 130204 | HF4: 114530 | HG4: 138060 | HH4: 65557 | HI4: 65632 | HJ4: 128110 | HK4: 112558 | HL4: 107462 | HM4: 95038 | HN4: 107357 | HO4: 61082 | HP4: 64124 | HQ4: 126492 | HR4: 113416 | HS4: 129851 | HT4: 109390 | HU4: 101029 | HV4: 59960 | HW4: 55064 | HX4: 105397 | HY4: 82477 | HZ4: 98667 | IA4: 135820 | IB4: 117300 | IC4: 123319 | ID4: 107847 | IE4: 126452 | IF4: 108806 | IG4: 147516 | IH4: 140935 | II4: 140064 | IJ4: 124289 | IK4: 108403 | IL4: 132554 | IM4: 134458 | IN4: 126790 | IO4: 121637 | IP4: 101770 | IQ4: 145749 | IR4: 99087 | IS4: 120281 | IT4: 143028 | IU4: 165327 | IV4: 171410 | IW4: 177632 | IX4: 116155 | IY4: 57650 | IZ4: 146853 | JA4: 143001 | JB4: 181505 | JC4: 151021 | JD4: 112709 | JE4: 83419 | JF4: 74482 | JG4: 133599 | JH4: 173594 | JI4: 162614 | JJ4: 183167 | JK4: 180234 | JL4: 84488 | JM4: 67238 | JN4: 145944 | JO4: 189656 | JP4: 162989 | JQ4: 168481 | JR4: 137762 | JS4: 84001 | JT4: 72512 | JU4: 149075 | JV4: 164266 | JW4: 173891 | JX4: 187607 | JY4: 179760 | JZ4: 103215 | KA4: 76354 | KB4: 181138 | KC4: 171842 | KD4: 203447 | KE4: 213845 | KF4: 214373 | KG4: 216578 | KH4: 153818 | KI4: 199107 | KJ4: 215894 | KK4: 203954 | KL4: 212985 | KM4: 197455 | KN4: 145735 | KO4: 112433 | KP4: 196571 | KQ4: 202583 | KR4: 211064 | KS4: 174986 | KT4: 156181 | KU4: 99474 | KV4: 84537 | KW4: 158534 | KX4: 194645 | KY4: 188010 | KZ4: 167672 | LA4: 86129 | LB4: 99585 | LC4: 89670 | LD4: 115079 | LE4: 117252 | LF4: 130169 | LG4: 159640 | LH4: 141938 | LI4: 97736 | LJ4: 97473 | LK4: 161106 | LL4: 176181 | LM4: 169266 | LN4: 139131 | LO4: 159346 | LP4: 81720 | LQ4: 75000 | LR4: 111431 | LS4: 145629 | LT4: 159338 | LU4: 187738 | LV4: 143780 | LW4: 87582 | LX4: 82023 | LY4: 173818 | LZ4: 167365 | MA4: 175196 | MB4: 196679 | MC4: 188590 | MD4: 103167 | ME4: 79031 | MF4: 162076 | MG4: 188867 | MH4: 196941 | MI4: 200233 | MJ4: 196835 | MK4: 111542 | ML4: 84103 | MM4: 127258 | MN4: 130803 | MO4: 137569 | MP4: 135661 | MQ4: 162736 | MR4: 156219 | MS4: 150429 | MT4: 148489 | MU4: 129343 | MV4: 139498 | MW4: 142075 | MX4: 135716 | MY4: 99661 | MZ4: 101167 | NA4: 136048 | NB4: 148075 | NC4: 113424
A5: =+A4/A3 -> 36.650169 | B5: Gerçekleşen Verimlilik | D5: =+D4/D3 -> 30.59252 | E5: =+E4/E3 -> 27.781405 | F5: =+F4/F3 -> 29.198531 | G5: =+G4/G3 -> 29.928946 | H5: =+H4/H3 -> 22.416161 | I5: =+I4/I3 -> 26.711081 | J5: =+J4/J3 -> 29.994213 | K5: =+K4/K3 -> 33.447152 | ... CL5: =+CL4/CL3 -> 39.271055 | CP5: =+CP4/CP3 -> 53.346472 | CQ5: =+CQ4/CQ3 -> 49.382013 | CR5: =+CR4/CR3 -> 39.677662 | CS5: =+CS4/CS3 -> 48.983266 | CT5: =+CT4/CT3 -> 39.657475 | CU5: =+CU4/CU3 -> 34.222011 | CV5: =+CV4/CV3 -> 40.848892 | CW5: =+CW4/CW3 -> 40.772697 | ... DK5: =+DK4/DK3 -> 50.812996 | DM5: =+DM4/DM3 -> 28.508066 | DN5: =+DN4/DN3 -> 38.901631 | DO5: =+DO4/DO3 -> 46.984299 | DP5: =+DP4/DP3 -> 38.372369 | DQ5: =+DQ4/DQ3 -> 37.238398 | DR5: =+DR4/DR3 -> 31.776139 | DT5: =+DT4/DT3 -> 38.492127 | DU5: =+DU4/DU3 -> 46.281057 | DV5: =+DV4/DV3 -> 58.235546 | DW5: =+DW4/DW3 -> 39.461232 | DX5: =+DX4/DX3 -> 40.607706 | DY5: =+DY4/DY3 -> 41.909626 | DZ5: =+DZ4/DZ3 -> 40.472062 | EA5: =+EA4/EA3 -> 40.958396 | ... FB5: =+FB4/FB3 -> 25.75138 | FG5: =+FG4/FG3 -> 24.756095 | FH5: =+FH4/FH3 -> 38.324576 | FI5: =+FI4/FI3 -> 37.940089 | FJ5: =+FJ4/FJ3 -> 35.943023 | FK5: =+FK4/FK3 -> 38.344269 | FL5: =+FL4/FL3 -> 40.636916 | FM5: =+FM4/FM3 -> 40.697054 | FN5: =+FN4/FN3 -> 39.453872 | ... GO5: =+GO4/GO3 -> 25.676131 | GQ5: =+GQ4/GQ3 -> 35.284468 | GR5: =+GR4/GR3 -> 31.708297 | GS5: =+GS4/GS3 -> 38.813101 | GT5: =+GT4/GT3 -> 45.230064 | GU5: =+GU4/GU3 -> 58.92041 | GV5: =+GV4/GV3 -> 37.356922 | GW5: =+GW4/GW3 -> 36.108491 | GX5: =+GX4/GX3 -> 41.724415 | ... NC5: =+NC4/NC3 -> 44.055284
A7: Toplam | B7: Tarih | C7: 46023 | D7: =+C7+1 -> 46024 | E7: =+D7+1 -> 46025 | F7: =+E7+1 -> 46026 | G7: =+F7+1 -> 46027 | H7: =+G7+1 -> 46028 | I7: =+H7+1 -> 46029 | J7: =+I7+1 -> 46030 | K7: =+J7+1 -> 46031 | ... NC7: =+NB7+1 -> 46387
B8: Hafta | C8: 1. Hafta | D8: 1. Hafta | E8: 1. Hafta | F8: 1. Hafta | G8: 2. Hafta | H8: 2. Hafta | I8: 2. Hafta | J8: 2. Hafta | K8: 2. Hafta | L8: 2. Hafta | M8: 2. Hafta | N8: 3. Hafta | O8: 3. Hafta | P8: 3. Hafta | Q8: 3. Hafta | R8: 3. Hafta | S8: 3. Hafta | T8: 3. Hafta | U8: 4. Hafta | V8: 4. Hafta | W8: 4. Hafta | X8: 4. Hafta | Y8: 4. Hafta | Z8: 4. Hafta | AA8: 4. Hafta | AB8: 5. Hafta | AC8: 5. Hafta | AD8: 5. Hafta | AE8: 5. Hafta | AF8: 5. Hafta | AG8: 5. Hafta | AH8: 5. Hafta | AI8: 6. Hafta | AJ8: 6. Hafta | AK8: 6. Hafta | AL8: 6. Hafta | AM8: 6. Hafta | AN8: 6. Hafta | AO8: 6. Hafta | AP8: 7. Hafta | AQ8: 7. Hafta | AR8: 7. Hafta | AS8: 7. Hafta | AT8: 7. Hafta | AU8: 7. Hafta | AV8: 7. Hafta | AW8: 8. Hafta | AX8: 8. Hafta | AY8: 8. Hafta | AZ8: 8. Hafta | BA8: 8. Hafta | BB8: 8. Hafta | BC8: 8. Hafta | BD8: 9. Hafta | BE8: 9. Hafta | BF8: 9. Hafta | BG8: 9. Hafta | BH8: 9. Hafta | BI8: 9. Hafta | BJ8: 9. Hafta | BK8: 10. Hafta | BL8: 10. Hafta | BM8: 10. Hafta | BN8: 10. Hafta | BO8: 10. Hafta | BP8: 10. Hafta | BQ8: 10. Hafta | BR8: 11. Hafta | BS8: 11. Hafta | BT8: 11. Hafta | BU8: 11. Hafta | BV8: 11. Hafta | BW8: 11. Hafta | BX8: 11. Hafta | BY8: 12. Hafta | BZ8: 12. Hafta | CA8: 12. Hafta | CB8: 12. Hafta | CC8: 12. Hafta | CD8: 12. Hafta | CE8: 12. Hafta | CF8: 13. Hafta | CG8: 13. Hafta | CH8: 13. Hafta | CI8: 13. Hafta | CJ8: 13. Hafta | CK8: 13. Hafta | CL8: 13. Hafta | CM8: 14. Hafta | CN8: 14. Hafta | CO8: 14. Hafta | CP8: 14. Hafta | CQ8: 14. Hafta | CR8: 14. Hafta | CS8: 14. Hafta | CT8: 15. Hafta | CU8: 15. Hafta | CV8: 15. Hafta | CW8: 15. Hafta | CX8: 15. Hafta | CY8: 15. Hafta | CZ8: 15. Hafta | DA8: 16. Hafta | DB8: 16. Hafta | DC8: 16. Hafta | DD8: 16. Hafta | DE8: 16. Hafta | DF8: 16. Hafta | DG8: 16. Hafta | DH8: 17. Hafta | DI8: 17. Hafta | DJ8: 17. Hafta | DK8: 17. Hafta | DL8: 17. Hafta | DM8: 17. Hafta | DN8: 17. Hafta | DO8: 18. Hafta | DP8: 18. Hafta | DQ8: 18. Hafta | DR8: 18. Hafta | DS8: 18. Hafta | DT8: 18. Hafta | DU8: 18. Hafta | DV8: 19. Hafta | DW8: 19. Hafta | DX8: 19. Hafta | DY8: 19. Hafta | DZ8: 19. Hafta | EA8: 19. Hafta | EB8: 19. Hafta | EC8: 20. Hafta | ED8: 20. Hafta | EE8: 20. Hafta | EF8: 20. Hafta | EG8: 20. Hafta | EH8: 20. Hafta | EI8: 20. Hafta | EJ8: 21. Hafta | EK8: 21. Hafta | EL8: 21. Hafta | EM8: 21. Hafta | EN8: 21. Hafta | EO8: 21. Hafta | EP8: 21. Hafta | EQ8: 22. Hafta | ER8: 22. Hafta | ES8: 22. Hafta | ET8: 22. Hafta | EU8: 22. Hafta | EV8: 22. Hafta | EW8: 22. Hafta | EX8: 23. Hafta | EY8: 23. Hafta | EZ8: 23. Hafta | FA8: 23. Hafta | FB8: 23. Hafta | FC8: 23. Hafta | FD8: 23. Hafta | FE8: 24. Hafta | FF8: 24. Hafta | FG8: 24. Hafta | FH8: 24. Hafta | FI8: 24. Hafta | FJ8: 24. Hafta | FK8: 24. Hafta | FL8: 25. Hafta | FM8: 25. Hafta | FN8: 25. Hafta | FO8: 25. Hafta | FP8: 25. Hafta | FQ8: 25. Hafta | FR8: 25. Hafta | FS8: 26. Hafta | FT8: 26. Hafta | FU8: 26. Hafta | FV8: 26. Hafta | FW8: 26. Hafta | FX8: 26. Hafta | FY8: 26. Hafta | FZ8: 27. Hafta | GA8: 27. Hafta | GB8: 27. Hafta | GC8: 27. Hafta | GD8: 27. Hafta | GE8: 27. Hafta | GF8: 27. Hafta | GG8: 28. Hafta | GH8: 28. Hafta | GI8: 28. Hafta | GJ8: 28. Hafta | GK8: 28. Hafta | GL8: 28. Hafta | GM8: 28. Hafta | GN8: 29. Hafta | GO8: 29. Hafta | GP8: 29. Hafta | GQ8: 29. Hafta | GR8: 29. Hafta | GS8: 29. Hafta | GT8: 29. Hafta | GU8: 30. Hafta | GV8: 30. Hafta | GW8: 30. Hafta | GX8: 30. Hafta | GY8: 30. Hafta | GZ8: 30. Hafta | HA8: 30. Hafta | HB8: 31. Hafta | HC8: 31. Hafta | HD8: 31. Hafta | HE8: 31. Hafta | HF8: 31. Hafta | HG8: 31. Hafta | HH8: 31. Hafta | HI8: 32. Hafta | HJ8: 32. Hafta | HK8: 32. Hafta | HL8: 32. Hafta | HM8: 32. Hafta | HN8: 32. Hafta | HO8: 32. Hafta | HP8: 33. Hafta | HQ8: 33. Hafta | HR8: 33. Hafta | HS8: 33. Hafta | HT8: 33. Hafta | HU8: 33. Hafta | HV8: 33. Hafta | HW8: 34. Hafta | HX8: 34. Hafta | HY8: 34. Hafta | HZ8: 34. Hafta | IA8: 34. Hafta | IB8: 34. Hafta | IC8: 34. Hafta | ID8: 35. Hafta | IE8: 35. Hafta | IF8: 35. Hafta | IG8: 35. Hafta | IH8: 35. Hafta | II8: 35. Hafta | IJ8: 35. Hafta | IK8: 36. Hafta | IL8: 36. Hafta | IM8: 36. Hafta | IN8: 36. Hafta | IO8: 36. Hafta | IP8: 36. Hafta | IQ8: 36. Hafta | IR8: 37. Hafta | IS8: 37. Hafta | IT8: 37. Hafta | IU8: 37. Hafta | IV8: 37. Hafta | IW8: 37. Hafta | IX8: 37. Hafta | IY8: 38. Hafta | IZ8: 38. Hafta | JA8: 38. Hafta | JB8: 38. Hafta | JC8: 38. Hafta | JD8: 38. Hafta | JE8: 38. Hafta | JF8: 39. Hafta | JG8: 39. Hafta | JH8: 39. Hafta | JI8: 39. Hafta | JJ8: 39. Hafta | JK8: 39. Hafta | JL8: 39. Hafta | JM8: 40. Hafta | JN8: 40. Hafta | JO8: 40. Hafta | JP8: 40. Hafta | JQ8: 40. Hafta | JR8: 40. Hafta | JS8: 40. Hafta | JT8: 41. Hafta | JU8: 41. Hafta | JV8: 41. Hafta | JW8: 41. Hafta | JX8: 41. Hafta | JY8: 41. Hafta | JZ8: 41. Hafta
A9: =+SUM(C9:NC9) -> 1114121.5 | B9: Gerçekleşen Çalışma Saat | D9: 3894.9167 | E9: 3848.5 | G9: 3985.1667 | H9: 4219.8333 | I9: 4204.0833 | J9: 4224.8333 | K9: 3975 | L9: 3399.4167 | N9: 3994.0449 | O9: 4176.8138 | P9: 3613.8608 | Q9: 4025.0435 | R9: 4074.1878 | S9: 4038.1995 | U9: 3709.6667 | V9: 4002.25 | W9: 4010.4167 | X9: 4018.3333 | Y9: 4020.75 | Z9: 3871.4167 | AB9: 3907.6667 | AC9: 3993.8333 | AD9: 4189.625 | AE9: 3994.7917 | AF9: 3845.4583 | AG9: 3867.6667 | AI9: 4194.25 | AJ9: 4099 | AK9: 4026.0833 | AL9: 4044.25 | AM9: 4067.3333 | AN9: 3770.3333 | AP9: 4069.4167 | AQ9: 4067.6667 | AR9: 4065.75 | AS9: 3993.6667 | AT9: 4095.6667 | AU9: 3879.3333 | AW9: 4073.4167 | AX9: 4139.5833 | AY9: 4062.3333 | AZ9: 3993.6667 | BA9: 3934.25 | BB9: 4040.3333 | BD9: 3987.5 | BE9: 4035.9167 | BF9: 4126.8333 | BG9: 4117.25 | BH9: 4422.9167 | BI9: 4088.8333 | BK9: 5709.9167 | BL9: 5618.75 | BM9: 4850.3333 | BN9: 4671.75 | BO9: 4645.75 | BP9: 5114.25 | BR9: 5787.25 | BS9: 5950.0833 | BT9: 6018.8333 | BU9: 5827.5 | BV9: 5880 | BW9: 5520.4167 | BX9: 4250.25 | BY9: 5287.1667 | BZ9: 4290.6667 | CA9: 4149.4167 | CB9: 1315 | CF9: 4476.9167 | CG9: 4569.25 | CH9: 4595 | CI9: 4358.75 | CJ9: 4002.3333 | CK9: 3928.9167 | CM9: 4098.75 | CN9: 4021.0833 | CO9: 3995.6667 | CP9: 4143.75 | CQ9: 4136.5833 | CR9: 3467.6667 | CT9: 4392.75 | CU9: 4303.3333 | CV9: 4470.25 | CW9: 4571.0833 | CX9: 4292.3333 | CY9: 3895.9167 | DA9: 4031.5833 | DB9: 4157 | DC9: 3984.25 | DD9: 3986.25 | DE9: 4091.9167 | DF9: 3992 | DG9: 3433.6667 | DH9: 3939.5833 | DI9: 4202.4167 | DJ9: 4359.25 | DK9: 3953.75 | DL9: 3878.9167 | DM9: 3654.0833 | DO9: 3771.75 | DP9: 3999.0833 | DQ9: 3949.4167 | DR9: 3895.9167 | DT9: 3838.4167 | DU9: 3527.3333 | DV9: 3744 | DW9: 4384.0833 | DX9: 4321.9167 | DY9: 4123.4167 | DZ9: 4280 | EA9: 3688.9167 | EC9: 4982.8333 | ED9: 4993.25 | EE9: 5049.1667 | EF9: 5281.6667 | EG9: 5230.0833 | EH9: 5227.4167 | EI9: 5229.1667 | EJ9: 5407.3333 | EK9: 5060.75 | EL9: 5457.3333 | EM9: 5177.0833 | EN9: 4890.25 | EO9: 4760 | EQ9: 4302 | ER9: 1374.25 | EV9: 4147.3333 | EX9: 4264.1667 | EY9: 4715.3333 | EZ9: 4665.3333 | FA9: 4471.5 | FB9: 4616.25 | FC9: 4117.9167 | FE9: 4377.9167 | FF9: 4546.25 | FG9: 4577.6667 | FH9: 4719.3333 | FI9: 5170.4917 | FJ9: 4566.0833 | FK9: 3474.5833 | FL9: 4445.5833 | FM9: 4607.1667 | FN9: 4292.9167 | FO9: 4036.4167 | FP9: 4083.1667 | FQ9: 3508.3333 | FS9: 4200.6667 | FT9: 4464 | FU9: 4374.4167 | FV9: 4474.5 | FW9: 4376.5 | FX9: 4115.25 | FY9: 3194.9167 | FZ9: 4242.25 | GA9: 4267.6667 | GB9: 4361.6667 | GC9: 4539 | GD9: 4403.5833 | GE9: 4091.0833 | GG9: 4140.4167 | GH9: 4631.3333 | GI9: 4707.9167 | GJ9: 4668.1667 | GK9: 4529.5833 | GL9: 4054.8333 | GM9: 3522.9167 | GN9: 3992.3333 | GO9: 3854.5 | GP9: 3695.6667 | GQ9: 3932.3333 | GR9: 3982.3333 | GS9: 3536.8333 | GU9: 4075.5 | GV9: 4075.5833 | GW9: 4074.8333 | GX9: 4095.4167 | GY9: 4170.3333 | GZ9: 3876.9167 | HA9: 3248.8333 | HB9: 3986.3333 | HC9: 4195.5 | HD9: 4133.6667 | HE9: 4335.8333 | HF9: 4404 | HG9: 4249.6667 | HI9: 4163.1667 | HJ9: 4161.5833 | HK9: 4247.0833 | HL9: 4324.5833 | HM9: 4201.5833 | HN9: 4041 | HO9: 3121.5 | HP9: 4342 | HQ9: 4616.9167 | HR9: 4954.6667 | HS9: 5170 | HT9: 5472.25 | HU9: 5061.1667 | HW9: 5473.0833 | HX9: 5154 | HY9: 5262.1667 | HZ9: 5225.5 | IA9: 5147.75 | IB9: 4747 | IC9: 3675 | ID9: 4432.5833 | IE9: 4648 | IF9: 4772.25 | IG9: 4871.25 | IH9: 4537.6667 | II9: 4252.4167 | IK9: 4458.5 | IL9: 4659.75 | IM9: 4909.4167 | IN9: 5583 | IO9: 5203.1667 | IP9: 4913.1667 | IQ9: 3596.5 | IR9: 5348.0833 | IS9: 5503.4167 | IT9: 5608.5 | IU9: 5374.4167 | IV9: 5515.5833 | IW9: 4944.3333 | IY9: 5840.6667 | IZ9: 5829.9167 | JA9: 5765.3333 | JB9: 6059.6667 | JC9: 5897.8333 | JD9: 5750.0833 | JF9: 5767.0833 | JG9: 5695.9167 | JH9: 6156.4167 | JI9: 6094.5 | JJ9: 6185.25 | JK9: 5946 | JM9: 6249.9167 | JN9: 6313 | JO9: 6446.5 | JP9: 6467.8333 | JQ9: 6340.0833 | JR9: 5774.6667 | JT9: 6522.3333 | JU9: 6602.3333 | JV9: 6567.3333 | JW9: 6539.25 | JX9: 6319.75 | JY9: 5894.5
A10: =+SUM(C10:NC10) -> 39691639 | B10: Gerçekleşen Adet | D10: 164483 | E10: 162693 | G10: 134660 | H10: 147684 | I10: 173938 | J10: 182336 | K10: 143853 | L10: 129090 | N10: 146301 | O10: 137664 | P10: 167516 | Q10: 150454 | R10: 116979 | S10: 109338 | U10: 128127 | V10: 131650 | W10: 137273 | X10: 132714 | Y10: 168501 | Z10: 140943 | AB10: 137982 | AC10: 144881 | AD10: 179820 | AE10: 160514 | AF10: 102208 | AG10: 97072 | AI10: 123248 | AJ10: 142502 | AK10: 118768 | AL10: 153940 | AM10: 137928 | AN10: 77314 | AP10: 131983 | AQ10: 136092 | AR10: 144175 | AS10: 112178 | AT10: 102963 | AU10: 98509 | AW10: 124046 | AX10: 126422 | AY10: 142892 | AZ10: 130156 | BA10: 138303 | BB10: 135570 | BD10: 139111 | BE10: 154719 | BF10: 170958 | BG10: 171665 | BH10: 165417 | BI10: 143140 | BK10: 170506 | BL10: 200581 | BM10: 187064 | BN10: 171305 | BO10: 161416 | BP10: 188394 | BR10: 204914 | BS10: 225421 | BT10: 227633 | BU10: 240083 | BV10: 236877 | BW10: 226868 | BX10: 161107 | BY10: 196826 | BZ10: 183886 | CA10: 129772 | CB10: 23290 | CF10: 140064 | CG10: 194351 | CH10: 197964 | CI10: 178113 | CJ10: 152426 | CK10: 146438 | CM10: 137391 | CN10: 150863 | CO10: 166578 | CP10: 157347 | CQ10: 156080 | CR10: 126619 | CT10: 141815 | CU10: 142688 | CV10: 173757 | CW10: 180019 | CX10: 159246 | CY10: 156817 | DA10: 134647 | DB10: 144859 | DC10: 158487 | DD10: 159831 | DE10: 159905 | DF10: 165381 | DG10: 162633 | DH10: 139615 | DI10: 172042 | DJ10: 185298 | DK10: 190087 | DL10: 143120 | DM10: 109755 | DO10: 140579 | DP10: 152369 | DQ10: 162660 | DR10: 163354 | DT10: 157855 | DU10: 161947 | DV10: 146189 | DW10: 165619 | DX10: 180758 | DY10: 185689 | DZ10: 156073 | EA10: 173745 | EC10: 186558 | ED10: 198380 | EE10: 206610 | EF10: 214239 | EG10: 189470 | EH10: 215173 | EI10: 227177 | EJ10: 213725 | EK10: 213273 | EL10: 208345 | EM10: 220286 | EN10: 222436 | EO10: 227296 | EQ10: 161649 | ER10: 50260 | EV10: 151872 | EX10: 166644 | EY10: 189569 | EZ10: 189106 | FA10: 181150 | FB10: 183620 | FC10: 172881 | FE10: 169602 | FF10: 174047 | FG10: 188469 | FH10: 194652 | FI10: 181625 | FJ10: 193580 | FK10: 160524 | FL10: 160778 | FM10: 167775 | FN10: 175553 | FO10: 173585 | FP10: 169932 | FQ10: 156860 | FS10: 148356 | FT10: 179655 | FU10: 163397 | FV10: 170350 | FW10: 155389 | FX10: 169485 | FY10: 150959 | FZ10: 161920 | GA10: 189186 | GB10: 174062 | GC10: 154137 | GD10: 138736 | GE10: 146611 | GG10: 148002 | GH10: 164947 | GI10: 124543 | GJ10: 132064 | GK10: 175907 | GL10: 143468 | GM10: 128818 | GN10: 150969 | GO10: 132618 | GP10: 142055 | GQ10: 143815 | GR10: 144625 | GS10: 131045 | GU10: 131888 | GV10: 133648 | GW10: 147108 | GX10: 155842 | GY10: 140157 | GZ10: 144687 | HA10: 118866 | HB10: 136140 | HC10: 129830 | HD10: 146201 | HE10: 136909 | HF10: 139121 | HG10: 131146 | HI10: 134306 | HJ10: 124051 | HK10: 149622 | HL10: 155809 | HM10: 146082 | HN10: 149623 | HO10: 120912 | HP10: 134438 | HQ10: 145103 | HR10: 149963 | HS10: 178642 | HT10: 167111 | HU10: 159734 | HW10: 197899 | HX10: 185783 | HY10: 173162 | HZ10: 141167 | IA10: 184301 | IB10: 173854 | IC10: 147005 | ID10: 131016 | IE10: 154550 | IF10: 143398 | IG10: 126968 | IH10: 162136 | II10: 151488 | IK10: 119742 | IL10: 149154 | IM10: 181767 | IN10: 122468 | IO10: 126423 | IP10: 136542 | IQ10: 123563 | IR10: 168735 | IS10: 170068 | IT10: 163215 | IU10: 175868 | IV10: 180183 | IW10: 180638 | IY10: 177337 | IZ10: 184428 | JA10: 206432 | JB10: 173620 | JC10: 197019 | JD10: 204336 | JF10: 231763 | JG10: 161496 | JH10: 187278 | JI10: 185131 | JJ10: 177559 | JK10: 209947 | JM10: 190901 | JN10: 187295 | JO10: 188441 | JP10: 188648 | JQ10: 169036 | JR10: 245071 | JT10: 194267 | JU10: 201650 | JV10: 185079 | JW10: 185179 | JX10: 198266 | JY10: 143919
A11: =+A10/A9 -> 35.625951 | B11: Gerçekleşen Verimlilik | C11: =+IFERROR(C10/C9,"") | D11: =+IFERROR(D10/D9,"") -> 42.230172 | E11: =+IFERROR(E10/E9,"") -> 42.274393 | G11: =+IFERROR(G10/G9,"") -> 33.790306 | H11: =+IFERROR(H10/H9,"") -> 34.997591 | I11: =+IFERROR(I10/I9,"") -> 41.373585 | J11: =+IFERROR(J10/J9,"") -> 43.158152 | K11: =+IFERROR(K10/K9,"") -> 36.189434 | L11: =+IFERROR(L10/L9,"") -> 37.974162 | N11: =+IFERROR(N10/N9,"") -> 36.629783 | O11: =+IFERROR(O10/O9,"") -> 32.959094 | P11: =+IFERROR(P10/P9,"") -> 46.35375 | Q11: =+IFERROR(Q10/Q9,"") -> 37.379471 | R11: =+IFERROR(R10/R9,"") -> 28.712226 | S11: =+IFERROR(S10/S9,"") -> 27.075928 | T11: =+IFERROR(T10/T9,"") | U11: =+IFERROR(U10/U9,"") -> 34.538683 | ... ER11: =+IFERROR(ER10/ER9,"") -> 36.572676 | EV11: =+IFERROR(EV10/EV9,"") -> 36.619193 | EW11: =+IFERROR(EW10/EW9,"") | EX11: =+IFERROR(EX10/EX9,"") -> 39.080086 | EY11: =+IFERROR(EY10/EY9,"") -> 40.202672 | EZ11: =+IFERROR(EZ10/EZ9,"") -> 40.534296 | FA11: =+IFERROR(FA10/FA9,"") -> 40.512132 | FB11: =+IFERROR(FB10/FB9,"") -> 39.776875 | FC11: =+IFERROR(FC10/FC9,"") -> 41.982637 | ... JZ11: =+IFERROR(JZ10/JZ9,"")

Sheet Genel Müşteri Çıkış
A1: Toplam | B1: Tarih | C1: 45658 | D1: 45659 | E1: 45660 | F1: 45661 | G1: 45662 | H1: 45663 | I1: 45664 | J1: 45665 | K1: 45666 | L1: 45667 | M1: 45668 | N1: 45669 | O1: 45670 | P1: 45671 | Q1: 45672 | R1: 45673 | S1: 45674 | T1: 45675 | U1: 45676 | V1: 45677 | W1: 45678 | X1: 45679 | Y1: 45680 | Z1: 45681 | AA1: 45682 | AB1: 45683 | AC1: 45684 | AD1: 45685 | AE1: 45686 | AF1: 45687 | AG1: 45688 | AH1: 45689 | AI1: 45690 | AJ1: 45691 | AK1: 45692 | AL1: 45693 | AM1: 45694 | AN1: 45695 | AO1: 45696 | AP1: 45697 | AQ1: 45698 | AR1: 45699 | AS1: 45700 | AT1: 45701 | AU1: 45702 | AV1: 45703 | AW1: 45704 | AX1: 45705 | AY1: 45706 | AZ1: 45707 | BA1: 45708 | BB1: 45709 | BC1: 45710 | BD1: 45711 | BE1: 45712 | BF1: 45713 | BG1: 45714 | BH1: 45715 | BI1: 45716 | BJ1: 45717 | BK1: 45718 | BL1: 45719 | BM1: 45720 | BN1: 45721 | BO1: 45722 | BP1: 45723 | BQ1: 45724 | BR1: 45725 | BS1: 45726 | BT1: 45727 | BU1: 45728 | BV1: 45729 | BW1: 45730 | BX1: 45731 | BY1: 45732 | BZ1: 45733 | CA1: 45734 | CB1: 45735 | CC1: 45736 | CD1: 45737 | CE1: 45738 | CF1: 45739 | CG1: 45740 | CH1: 45741 | CI1: 45742 | CJ1: 45743 | CK1: 45744 | CL1: 45745 | CM1: 45746 | CN1: 45747 | CO1: 45748 | CP1: 45749 | CQ1: 45750 | CR1: 45751 | CS1: 45752 | CT1: 45753 | CU1: 45754 | CV1: 45755 | CW1: 45756 | CX1: 45757 | CY1: 45758 | CZ1: 45759 | DA1: 45760 | DB1: 45761 | DC1: 45762 | DD1: 45763 | DE1: 45764 | DF1: 45765 | DG1: 45766 | DH1: 45767 | DI1: 45768 | DJ1: 45769 | DK1: 45770 | DL1: 45771 | DM1: 45772 | DN1: 45773 | DO1: 45774 | DP1: 45775 | DQ1: 45776 | DR1: 45777 | DS1: 45778 | DT1: 45779 | DU1: 45780 | DV1: 45781 | DW1: 45782 | DX1: 45783 | DY1: 45784 | DZ1: 45785 | EA1: 45786 | EB1: 45787 | EC1: 45788 | ED1: 45789 | EE1: 45790 | EF1: 45791 | EG1: 45792 | EH1: 45793 | EI1: 45794 | EJ1: 45795 | EK1: 45796 | EL1: 45797 | EM1: 45798 | EN1: 45799 | EO1: 45800 | EP1: 45801 | EQ1: 45802 | ER1: 45803 | ES1: 45804 | ET1: 45805 | EU1: 45806 | EV1: 45807 | EW1: 45808 | EX1: 45809 | EY1: 45810 | EZ1: 45811 | FA1: 45812 | FB1: 45813 | FC1: 45814 | FD1: 45815 | FE1: 45816 | FF1: 45817 | FG1: 45818 | FH1: 45819 | FI1: 45820 | FJ1: 45821 | FK1: 45822 | FL1: 45823 | FM1: 45824 | FN1: 45825 | FO1: 45826 | FP1: 45827 | FQ1: 45828 | FR1: 45829 | FS1: 45830 | FT1: 45831 | FU1: 45832 | FV1: 45833 | FW1: 45834 | FX1: 45835 | FY1: 45836 | FZ1: 45837 | GA1: 45838 | GB1: 45839 | GC1: 45840 | GD1: 45841 | GE1: 45842 | GF1: 45843 | GG1: 45844 | GH1: 45845 | GI1: 45846 | GJ1: 45847 | GK1: 45848 | GL1: 45849 | GM1: 45850 | GN1: 45851 | GO1: 45852 | GP1: 45853 | GQ1: 45854 | GR1: 45855 | GS1: 45856 | GT1: 45857 | GU1: 45858 | GV1: 45859 | GW1: 45860 | GX1: 45861 | GY1: 45862 | GZ1: 45863 | HA1: 45864 | HB1: 45865 | HC1: 45866 | HD1: 45867 | HE1: 45868 | HF1: 45869 | HG1: 45870 | HH1: 45871 | HI1: 45872 | HJ1: 45873 | HK1: 45874 | HL1: 45875 | HM1: 45876 | HN1: 45877 | HO1: 45878 | HP1: 45879 | HQ1: 45880 | HR1: 45881 | HS1: 45882 | HT1: 45883 | HU1: 45884 | HV1: 45885 | HW1: 45886 | HX1: 45887 | HY1: 45888 | HZ1: 45889 | IA1: 45890 | IB1: 45891 | IC1: 45892 | ID1: 45893 | IE1: 45894 | IF1: 45895 | IG1: 45896 | IH1: 45897 | II1: 45898 | IJ1: 45899 | IK1: 45900 | IL1: 45901 | IM1: 45902 | IN1: 45903 | IO1: 45904 | IP1: 45905 | IQ1: 45906 | IR1: 45907 | IS1: 45908 | IT1: 45909 | IU1: 45910 | IV1: 45911 | IW1: 45912 | IX1: 45913 | IY1: 45914 | IZ1: 45915 | JA1: 45916 | JB1: 45917 | JC1: 45918 | JD1: 45919 | JE1: 45920 | JF1: 45921 | JG1: 45922 | JH1: 45923 | JI1: 45924 | JJ1: 45925 | JK1: 45926 | JL1: 45927 | JM1: 45928 | JN1: 45929 | JO1: 45930 | JP1: 45931 | JQ1: 45932 | JR1: 45933 | JS1: 45934 | JT1: 45935 | JU1: 45936 | JV1: 45937 | JW1: 45938 | JX1: 45939 | JY1: 45940 | JZ1: 45941 | KA1: 45942 | KB1: 45943 | KC1: 45944 | KD1: 45945 | KE1: 45946 | KF1: 45947 | KG1: 45948 | KH1: 45949 | KI1: 45950 | KJ1: 45951 | KK1: 45952 | KL1: 45953 | KM1: 45954 | KN1: 45955 | KO1: 45956 | KP1: 45957 | KQ1: 45958 | KR1: 45959 | KS1: 45960 | KT1: 45961 | KU1: 45962 | KV1: 45963 | KW1: 45964 | KX1: 45965 | KY1: 45966 | KZ1: 45967 | LA1: 45968 | LB1: 45969 | LC1: 45970 | LD1: 45971 | LE1: 45972 | LF1: 45973 | LG1: 45974 | LH1: 45975 | LI1: 45976 | LJ1: 45977 | LK1: 45978 | LL1: 45979 | LM1: 45980 | LN1: 45981 | LO1: 45982 | LP1: 45983 | LQ1: 45984 | LR1: 45985 | LS1: 45986 | LT1: 45987 | LU1: 45988 | LV1: 45989 | LW1: 45990 | LX1: 45991 | LY1: 45992 | LZ1: 45993 | MA1: 45994 | MB1: 45995 | MC1: 45996 | MD1: 45997 | ME1: 45998 | MF1: 45999 | MG1: 46000 | MH1: 46001 | MI1: 46002 | MJ1: 46003 | MK1: 46004 | ML1: 46005 | MM1: 46006 | MN1: 46007 | MO1: 46008 | MP1: 46009 | MQ1: 46010 | MR1: 46011 | MS1: 46012 | MT1: 46013 | MU1: 46014 | MV1: 46015 | MW1: 46016 | MX1: 46017 | MY1: 46018 | MZ1: 46019 | NA1: 46020 | NB1: 46021 | NC1: 46022
B2: Hafta | C2: 1. Hafta | D2: 1. Hafta | E2: 1. Hafta | F2: 1. Hafta | G2: 1. Hafta | H2: 2. Hafta | I2: 2. Hafta | J2: 2. Hafta | K2: 2. Hafta | L2: 2. Hafta | M2: 2. Hafta | N2: 2. Hafta | O2: 3. Hafta | P2: 3. Hafta | Q2: 3. Hafta | R2: 3. Hafta | S2: 3. Hafta | T2: 3. Hafta | U2: 3. Hafta | V2: 4. Hafta | W2: 4. Hafta | X2: 4. Hafta | Y2: 4. Hafta | Z2: 4. Hafta | AA2: 4. Hafta | AB2: 4. Hafta | AC2: 5. Hafta | AD2: 5. Hafta | AE2: 5. Hafta | AF2: 5. Hafta | AG2: 5. Hafta | AH2: 5. Hafta | AI2: 5. Hafta | AJ2: 6. Hafta | AK2: 6. Hafta | AL2: 6. Hafta | AM2: 6. Hafta | AN2: 6. Hafta | AO2: 6. Hafta | AP2: 6. Hafta | AQ2: 7. Hafta | AR2: 7. Hafta | AS2: 7. Hafta | AT2: 7. Hafta | AU2: 7. Hafta | AV2: 7. Hafta | AW2: 7. Hafta | AX2: 8. Hafta | AY2: 8. Hafta | AZ2: 8. Hafta | BA2: 8. Hafta | BB2: 8. Hafta | BC2: 8. Hafta | BD2: 8. Hafta | BE2: 9. Hafta | BF2: 9. Hafta | BG2: 9. Hafta | BH2: 9. Hafta | BI2: 9. Hafta | BJ2: 9. Hafta | BK2: 9. Hafta | BL2: 10. Hafta | BM2: 10. Hafta | BN2: 10. Hafta | BO2: 10. Hafta | BP2: 10. Hafta | BQ2: 10. Hafta | BR2: 10. Hafta | BS2: 11. Hafta | BT2: 11. Hafta | BU2: 11. Hafta | BV2: 11. Hafta | BW2: 11. Hafta | BX2: 11. Hafta | BY2: 11. Hafta | BZ2: 12. Hafta | CA2: 12. Hafta | CB2: 12. Hafta | CC2: 12. Hafta | CD2: 12. Hafta | CE2: 12. Hafta | CF2: 12. Hafta | CG2: 13. Hafta | CH2: 13. Hafta | CI2: 13. Hafta | CJ2: 13. Hafta | CK2: 13. Hafta | CL2: 13. Hafta | CM2: 13. Hafta | CN2: 14. Hafta | CO2: 14. Hafta | CP2: 14. Hafta | CQ2: 14. Hafta | CR2: 14. Hafta | CS2: 14. Hafta | CT2: 14. Hafta | CU2: 15. Hafta | CV2: 15. Hafta | CW2: 15. Hafta | CX2: 15. Hafta | CY2: 15. Hafta | CZ2: 15. Hafta | DA2: 15. Hafta | DB2: 16. Hafta | DC2: 16. Hafta | DD2: 16. Hafta | DE2: 16. Hafta | DF2: 16. Hafta | DG2: 16. Hafta | DH2: 16. Hafta | DI2: 17. Hafta | DJ2: 17. Hafta | DK2: 17. Hafta | DL2: 17. Hafta | DM2: 17. Hafta | DN2: 17. Hafta | DO2: 17. Hafta | DP2: 18. Hafta | DQ2: 18. Hafta | DR2: 18. Hafta | DS2: 18. Hafta | DT2: 18. Hafta | DU2: 18. Hafta | DV2: 18. Hafta | DW2: 19. Hafta | DX2: 19. Hafta | DY2: 19. Hafta | DZ2: 19. Hafta | EA2: 19. Hafta | EB2: 19. Hafta | EC2: 19. Hafta | ED2: 20. Hafta | EE2: 20. Hafta | EF2: 20. Hafta | EG2: 20. Hafta | EH2: 20. Hafta | EI2: 20. Hafta | EJ2: 20. Hafta | EK2: 21. Hafta | EL2: 21. Hafta | EM2: 21. Hafta | EN2: 21. Hafta | EO2: 21. Hafta | EP2: 21. Hafta | EQ2: 21. Hafta | ER2: 22. Hafta | ES2: 22. Hafta | ET2: 22. Hafta | EU2: 22. Hafta | EV2: 22. Hafta | EW2: 22. Hafta | EX2: 22. Hafta | EY2: 23. Hafta | EZ2: 23. Hafta | FA2: 23. Hafta | FB2: 23. Hafta | FC2: 23. Hafta | FD2: 23. Hafta | FE2: 23. Hafta | FF2: 24. Hafta | FG2: 24. Hafta | FH2: 24. Hafta | FI2: 24. Hafta | FJ2: 24. Hafta | FK2: 24. Hafta | FL2: 24. Hafta | FM2: 25. Hafta | FN2: 25. Hafta | FO2: 25. Hafta | FP2: 25. Hafta | FQ2: 25. Hafta | FR2: 25. Hafta | FS2: 25. Hafta | FT2: 26. Hafta | FU2: 26. Hafta | FV2: 26. Hafta | FW2: 26. Hafta | FX2: 26. Hafta | FY2: 26. Hafta | FZ2: 26. Hafta | GA2: 27. Hafta | GB2: 27. Hafta | GC2: 27. Hafta | GD2: 27. Hafta | GE2: 27. Hafta | GF2: 27. Hafta | GG2: 27. Hafta | GH2: 28. Hafta | GI2: 28. Hafta | GJ2: 28. Hafta | GK2: 28. Hafta | GL2: 28. Hafta | GM2: 28. Hafta | GN2: 28. Hafta | GO2: 29. Hafta | GP2: 29. Hafta | GQ2: 29. Hafta | GR2: 29. Hafta | GS2: 29. Hafta | GT2: 29. Hafta | GU2: 29. Hafta | GV2: 30. Hafta | GW2: 30. Hafta | GX2: 30. Hafta | GY2: 30. Hafta | GZ2: 30. Hafta | HA2: 30. Hafta | HB2: 30. Hafta | HC2: 31. Hafta | HD2: 31. Hafta | HE2: 31. Hafta | HF2: 31. Hafta | HG2: 31. Hafta | HH2: 31. Hafta | HI2: 31. Hafta | HJ2: 32. Hafta | HK2: 32. Hafta | HL2: 32. Hafta | HM2: 32. Hafta | HN2: 32. Hafta | HO2: 32. Hafta | HP2: 32. Hafta | HQ2: 33. Hafta | HR2: 33. Hafta | HS2: 33. Hafta | HT2: 33. Hafta | HU2: 33. Hafta | HV2: 33. Hafta | HW2: 33. Hafta | HX2: 34. Hafta | HY2: 34. Hafta | HZ2: 34. Hafta | IA2: 34. Hafta | IB2: 34. Hafta | IC2: 34. Hafta | ID2: 34. Hafta | IE2: 35. Hafta | IF2: 35. Hafta | IG2: 35. Hafta | IH2: 35. Hafta | II2: 35. Hafta | IJ2: 35. Hafta | IK2: 35. Hafta | IL2: 36. Hafta | IM2: 36. Hafta | IN2: 36. Hafta | IO2: 36. Hafta | IP2: 36. Hafta | IQ2: 36. Hafta | IR2: 36. Hafta | IS2: 37. Hafta | IT2: 37. Hafta | IU2: 37. Hafta | IV2: 37. Hafta | IW2: 37. Hafta | IX2: 37. Hafta | IY2: 37. Hafta | IZ2: 38. Hafta | JA2: 38. Hafta | JB2: 38. Hafta | JC2: 38. Hafta | JD2: 38. Hafta | JE2: 38. Hafta | JF2: 38. Hafta | JG2: 39. Hafta | JH2: 39. Hafta | JI2: 39. Hafta | JJ2: 39. Hafta | JK2: 39. Hafta | JL2: 39. Hafta | JM2: 39. Hafta | JN2: 40. Hafta | JO2: 40. Hafta | JP2: 40. Hafta | JQ2: 40. Hafta | JR2: 40. Hafta | JS2: 40. Hafta | JT2: 40. Hafta | JU2: 41. Hafta | JV2: 41. Hafta | JW2: 41. Hafta | JX2: 41. Hafta | JY2: 41. Hafta | JZ2: 41. Hafta | KA2: 41. Hafta | KB2: 42. Hafta | KC2: 42. Hafta | KD2: 42. Hafta | KE2: 42. Hafta | KF2: 42. Hafta | KG2: 42. Hafta | KH2: 42. Hafta | KI2: 43. Hafta | KJ2: 43. Hafta | KK2: 43. Hafta | KL2: 43. Hafta | KM2: 43. Hafta | KN2: 43. Hafta | KO2: 43. Hafta | KP2: 44. Hafta | KQ2: 44. Hafta | KR2: 44. Hafta | KS2: 44. Hafta | KT2: 44. Hafta | KU2: 44. Hafta | KV2: 44. Hafta | KW2: 45. Hafta | KX2: 45. Hafta | KY2: 45. Hafta | KZ2: 45. Hafta | LA2: 45. Hafta | LB2: 45. Hafta | LC2: 45. Hafta | LD2: 46. Hafta | LE2: 46. Hafta | LF2: 46. Hafta | LG2: 46. Hafta | LH2: 46. Hafta | LI2: 46. Hafta | LJ2: 46. Hafta | LK2: 47. Hafta | LL2: 47. Hafta | LM2: 47. Hafta | LN2: 47. Hafta | LO2: 47. Hafta | LP2: 47. Hafta | LQ2: 47. Hafta | LR2: 48. Hafta | LS2: 48. Hafta | LT2: 48. Hafta | LU2: 48. Hafta | LV2: 48. Hafta | LW2: 48. Hafta | LX2: 48. Hafta | LY2: 49. Hafta | LZ2: 49. Hafta | MA2: 49. Hafta | MB2: 49. Hafta | MC2: 49. Hafta | MD2: 49. Hafta | ME2: 49. Hafta | MF2: 50. Hafta | MG2: 50. Hafta | MH2: 50. Hafta | MI2: 50. Hafta | MJ2: 50. Hafta | MK2: 50. Hafta | ML2: 50. Hafta | MM2: 51. Hafta | MN2: 51. Hafta | MO2: 51. Hafta | MP2: 51. Hafta | MQ2: 51. Hafta | MR2: 51. Hafta | MS2: 51. Hafta | MT2: 52. Hafta | MU2: 52. Hafta | MV2: 52. Hafta | MW2: 52. Hafta | MX2: 52. Hafta | MY2: 52. Hafta | MZ2: 52. Hafta | NA2: 1. Hafta | NB2: 1. Hafta | NC2: 1. Hafta
A3: =+SUM(C3:NC3) -> 1218157.4 | B3: Gerçekleşen Çalışma Saat | D3: 3621.0173 | E3: 3263.6042 | F3: 2147.1162 | G3: 1772.3832 | H3: 3482.0503 | I3: 2988.405 | J3: 2232.5113 | K3: 2324.7807 | L3: 2604.9691 | M3: 1857.5806 | N3: 1762.3825 | O3: 2897.9511 | P3: 3124.7371 | Q3: 3172.5272 | R3: 3004.832 | S3: 3046.2001 | T3: 2009.1729 | U3: 1714.2858 | V3: 3403.0471 | W3: 3170.3119 | X3: 3114.4103 | Y3: 2729.1409 | Z3: 2989.9247 | AA3: 2017.9015 | AB3: 1791.3086 | AC3: 2813.1901 | AD3: 2602.328 | AE3: 2580.2292 | AF3: 2768.9235 | AG3: 2577.4969 | AH3: 1816.2008 | AI3: 1699.5995 | AJ3: 2496.2047 | AK3: 2612.6239 | AL3: 3133.2093 | AM3: 2917.9614 | AN3: 2913.3351 | AO3: 1647.1134 | AP3: 1537.7302 | AQ3: 2818.9635 | AR3: 3433.2649 | AS3: 3198.2302 | AT3: 3013.3969 | AU3: 2451.597 | AV3: 1320.1256 | AW3: 1518.2244 | AX3: 2956.4051 | AY3: 3099.4948 | AZ3: 2795.2685 | BA3: 2834.4719 | BB3: 2514.4711 | BC3: 849.09767 | BD3: 1064.2261 | BE3: 3218.5962 | BF3: 2987.1307 | BG3: 3000.4212 | BH3: 2571.4574 | BI3: 2527.6985 | BJ3: 1383.5858 | BK3: 727.94642 | BL3: 2827.3836 | BM3: 2754.1657 | BN3: 2622.711 | BO3: 2687.8224 | BP3: 2981.1264 | BQ3: 2635.9182 | BR3: 1481.0789 | BS3: 4318.5125 | BT3: 3884.2038 | BU3: 3771.1459 | BV3: 3926.5707 | BW3: 3583.6738 | BX3: 2535.6515 | BY3: 1406.5878 | BZ3: 4711.1766 | CA3: 5184.5334 | CB3: 4973.5816 | CC3: 5102.7157 | CD3: 5146.0588 | CE3: 4421.6606 | CF3: 4353.2746 | CG3: 5206.6801 | CH3: 5189.9157 | CI3: 4078.3605 | CJ3: 3162.3721 | CK3: 3123.7565 | CL3: 864.57546 | CP3: 2773.5195 | CQ3: 3567.6655 | CR3: 3086.2088 | CS3: 1996.1275 | CT3: 1757.3353 | CU3: 2953.648 | CV3: 2909.223 | CW3: 2717.5718 | CX3: 2919.8758 | CY3: 3067.3273 | CZ3: 1884.2126 | DA3: 1465.3023 | DB3: 3209.8282 | DC3: 3744.7691 | DD3: 3439.6688 | DE3: 3058.7861 | DF3: 3139.4872 | DG3: 1889.341 | DH3: 1894.7135 | DI3: 3630.3949 | DJ3: 3244.4376 | DK3: 647.21665 | DM3: 4316.4698 | DN3: 3877.8795 | DO3: 2879.7034 | DP3: 2893.4928 | DQ3: 2932.1624 | DR3: 3265.5197 | DT3: 3967.7406 | DU3: 2632.7996 | DV3: 1274.0635 | DW3: 3909.6548 | DX3: 4044.3929 | DY3: 4212.1033 | DZ3: 4146.9223 | EA3: 4168.6939 | EB3: 2536.6485 | EC3: 1335.9566 | ED3: 4952.9426 | EE3: 4534.0583 | EF3: 4481.4097 | EG3: 4264.5358 | EH3: 4256.3728 | EI3: 2654.2609 | EJ3: 1408.0914 | EK3: 5248.1184 | EL3: 4808.8674 | EM3: 5203.8508 | EN3: 4824.4803 | EO3: 4392.4814 | EP3: 3864.0777 | EQ3: 1543.4368 | ER3: 5300.9989 | ES3: 5452.1275 | ET3: 5413.7013 | EU3: 5455.3432 | EV3: 5377.8547 | EW3: 5627.0264 | EX3: 4569.9079 | EY3: 4396.4125 | EZ3: 3900.1567 | FA3: 3247.0124 | FB3: 1693.2651 | FG3: 4595.9161 | FH3: 4924.1832 | FI3: 5002.3965 | FJ3: 5163.2043 | FK3: 5361.9679 | FL3: 4727.0668 | FM3: 4640.1993 | FN3: 4674.0557 | FO3: 5022.2713 | FP3: 4358.4884 | FQ3: 3774.0473 | FR3: 2999.6556 | FS3: 1318.25 | FT3: 4764.8018 | FU3: 4346.8766 | FV3: 4539.1126 | FW3: 3817.2788 | FX3: 4767.1011 | FY3: 3428.2705 | FZ3: 1367 | GA3: 4834.3636 | GB3: 4535.2797 | GC3: 3453.9344 | GD3: 3331.1915 | GE3: 3389.9013 | GF3: 2634.1773 | GG3: 1196.1532 | GH3: 3625.329 | GI3: 4241.9478 | GJ3: 4462.9635 | GK3: 3997.8422 | GL3: 3685.8333 | GM3: 2729.0406 | GN3: 1250.6972 | GO3: 3702.334 | GQ3: 4746.5814 | GR3: 4126.465 | GS3: 3734.2108 | GT3: 3227.4743 | GU3: 2139.3263 | GV3: 3056.3905 | GW3: 2929.6807 | GX3: 3101.4652 | GY3: 2908.8047 | GZ3: 2373.1806 | HA3: 1705.4687 | HB3: 1357.1209 | HC3: 3201.9895 | HD3: 3216.5555 | HE3: 3159.9939 | HF3: 2968.6551 | HG3: 2440.5962 | HH3: 1733.244 | HI3: 1322.6879 | HJ3: 2545.3851 | HK3: 2745.6781 | HL3: 2506.0806 | HM3: 2800.5191 | HN3: 2637.181 | HO3: 1595.0226 | HP3: 1215.4343 | HQ3: 2853.0993 | HR3: 2913.6332 | HS3: 2649.4175 | HT3: 2518.6604 | HU3: 2639.9913 | HV3: 1546.0147 | HW3: 1216.1949 | HX3: 2848.8186 | HY3: 2827.277 | HZ3: 2532.8076 | IA3: 2803.0812 | IB3: 2663.9862 | IC3: 2551.9231 | ID3: 2551.3622 | IE3: 2784.8067 | IF3: 2930.3577 | IG3: 3242.534 | IH3: 3499.7861 | II3: 3533.337 | IJ3: 2946.8151 | IK3: 2424.9271 | IL3: 2727.4929 | IM3: 2823.4128 | IN3: 2832.5862 | IO3: 2785.315 | IP3: 2860.5125 | IQ3: 2302.2758 | IR3: 2644.6627 | IS3: 3527.1359 | IT3: 3607.7659 | IU3: 4500.315 | IV3: 4594.3245 | IW3: 3505.1199 | IX3: 2522.9145 | IY3: 1844.6559 | IZ3: 3527.0427 | JA3: 3908.2106 | JB3: 3327.0611 | JC3: 3246.6864 | JD3: 3340.9515 | JE3: 1883.6603 | JF3: 1812.0833 | JG3: 3681.5833 | JH3: 4170.5 | JI3: 4376.0833 | JJ3: 4421.5 | JK3: 3968.523 | JL3: 1929.8333 | JM3: 1846.5833 | JN3: 4461.3333 | JO3: 4649.4167 | JP3: 4379.6696 | JQ3: 4096.9291 | JR3: 3840.8966 | JS3: 1956.7668 | JT3: 1850.9167 | JU3: 3879.8734 | JV3: 3928.1308 | JW3: 4894.2084 | JX3: 4789.11 | JY3: 4826.4486 | JZ3: 3179.2878 | KA3: 1717.5114 | KB3: 5491.7638 | KC3: 5609.4646 | KD3: 6038.4602 | KE3: 6084.0362 | KF3: 5737.423 | KG3: 5513.75 | KH3: 3894 | KI3: 5589.25 | KJ3: 5799.25 | KK3: 6031.1667 | KL3: 5954.5 | KM3: 5734.8333 | KN3: 3728.1667 | KO3: 2947.5 | KP3: 6445.6667 | KQ3: 6124.3333 | KR3: 5672.8265 | KS3: 5181.2847 | KT3: 5676.2181 | KU3: 3139.3048 | KV3: 2225.5 | KW3: 6422.689 | KX3: 6592.8333 | KY3: 5585.0015 | KZ3: 4557.8686 | LA3: 4503.849 | LB3: 2617.4283 | LC3: 2390.1667 | LD3: 4880.6667 | LE3: 4930 | LF3: 4705.8218 | LG3: 4258.377 | LH3: 4354.3691 | LI3: 2696.4167 | LJ3: 2383.75 | LK3: 5015.2249 | LL3: 5274.6228 | LM3: 4464.5187 | LN3: 4635.7811 | LO3: 4513.9645 | LP3: 2653.0731 | LQ3: 2377.5833 | LR3: 4670.0314 | LS3: 4542.225 | LT3: 4491.8873 | LU3: 4897.7435 | LV3: 5252.4243 | LW3: 3248.0092 | LX3: 2178.75 | LY3: 5887.3159 | LZ3: 5808.7309 | MA3: 5041.7018 | MB3: 4768.1476 | MC3: 4775.2428 | MD3: 3103.0578 | ME3: 2061.6499 | MF3: 5276.3753 | MG3: 5706.9825 | MH3: 5424.2606 | MI3: 5047.549 | MJ3: 4388.4036 | MK3: 2867.3889 | ML3: 2114.6667 | MM3: 4165.2853 | MN3: 4292.785 | MO3: 4205.6853 | MP3: 4358.351 | MQ3: 3633.6019 | MR3: 3605.7025 | MS3: 3629.6824 | MT3: 3978.6711 | MU3: 3954.25 | MV3: 3854.8692 | MW3: 3801.8879 | MX3: 3619.1096 | MY3: 2166.2966 | MZ3: 1949.8167 | NA3: 3826.25 | NB3: 3481.7343 | NC3: 2202.1183
A4: =SUM(C4:NC4) -> 43961163 | B4: Gerçekleşen Adet | D4: 110643 | E4: 87275 | F4: 63212 | G4: 52114 | H4: 77341 | I4: 84247 | J4: 48078 | K4: 59064 | L4: 55304 | M4: 62212 | N4: 64795 | O4: 76231 | P4: 71610 | Q4: 90966 | R4: 102665 | S4: 121547 | T4: 66659 | U4: 72913 | V4: 82607 | W4: 112240 | X4: 67455 | Y4: 77349 | Z4: 83403 | AA4: 65075 | AB4: 67819 | AC4: 61208 | AD4: 73830 | AE4: 70622 | AF4: 91810 | AG4: 79330 | AH4: 68062 | AI4: 66284 | AJ4: 63491 | AK4: 94199 | AL4: 101409 | AM4: 119888 | AN4: 121421 | AO4: 63936 | AP4: 72118 | AQ4: 116466 | AR4: 144028 | AS4: 125887 | AT4: 113816 | AU4: 81952 | AV4: 45981 | AW4: 59650 | AX4: 84244 | AY4: 121710 | AZ4: 109208 | BA4: 112908 | BB4: 81941 | BC4: 34554 | BD4: 42709 | BE4: 135248 | BF4: 120267 | BG4: 123095 | BH4: 93960 | BI4: 82351 | BJ4: 64175 | BK4: 24525 | BL4: 117118 | BM4: 109830 | BN4: 124806 | BO4: 133387 | BP4: 113264 | BQ4: 114516 | BR4: 62852 | BS4: 176068 | BT4: 167398 | BU4: 163484 | BV4: 155528 | BW4: 136973 | BX4: 116182 | BY4: 66153 | BZ4: 191236 | CA4: 205049 | CB4: 145045 | CC4: 225363 | CD4: 203259 | CE4: 183680 | CF4: 198523 | CG4: 228130 | CH4: 219831 | CI4: 181071 | CJ4: 120700 | CK4: 90268 | CL4: 33763 | CP4: 143413 | CQ4: 175715 | CR4: 119834 | CS4: 96258 | CT4: 68490 | CU4: 99862 | CV4: 117733 | CW4: 105885 | CX4: 112958 | CY4: 103147 | CZ4: 87374 | DA4: 65035 | DB4: 109830 | DC4: 144542 | DD4: 146665 | DE4: 142916 | DF4: 121675 | DG4: 81243 | DH4: 81171 | DI4: 115167 | DJ4: 126810 | DK4: 32564 | DM4: 121649 | DN4: 156877 | DO4: 133623 | DP4: 102947 | DQ4: 102389 | DR4: 99673 | DT4: 144138 | DU4: 120339 | DV4: 73888 | DW4: 152157 | DX4: 162349 | DY4: 174257 | DZ4: 167085 | EA4: 169871 | EB4: 116153 | EC4: 68892 | ED4: 183537 | EE4: 151468 | EF4: 166949 | EG4: 182637 | EH4: 152672 | EI4: 113339 | EJ4: 67363 | EK4: 159357 | EL4: 192422 | EM4: 181673 | EN4: 200658 | EO4: 174480 | EP4: 120564 | EQ4: 65818 | ER4: 181063 | ES4: 209684 | ET4: 212103 | EU4: 211747 | EV4: 205354 | EW4: 236378 | EX4: 186779 | EY4: 204907 | EZ4: 161060 | FA4: 84621 | FB4: 43095 | FG4: 111470 | FH4: 186181 | FI4: 188427 | FJ4: 184881 | FK4: 205036 | FL4: 191761 | FM4: 188258 | FN4: 186599 | FO4: 175200 | FP4: 179031 | FQ4: 128620 | FR4: 116852 | FS4: 56689 | FT4: 135330 | FU4: 130895 | FV4: 169408 | FW4: 135565 | FX4: 182919 | FY4: 115342 | FZ4: 67947 | GA4: 173654 | GB4: 178754 | GC4: 118938 | GD4: 115261 | GE4: 117441 | GF4: 75693 | GG4: 48596 | GH4: 90150 | GI4: 139724 | GJ4: 167021 | GK4: 146331 | GL4: 128140 | GM4: 110366 | GN4: 55403 | GO4: 94051 | GQ4: 166386 | GR4: 143024 | GS4: 145218 | GT4: 119545 | GU4: 87109 | GV4: 113604 | GW4: 105218 | GX4: 128606 | GY4: 109577 | GZ4: 72392 | HA4: 71596 | HB4: 58561 | HC4: 120816 | HD4: 94496 | HE4: 129259 | HF4: 113090 | HG4: 94472 | HH4: 63962 | HI4: 65009 | HJ4: 81924 | HK4: 111184 | HL4: 88912 | HM4: 93653 | HN4: 89852 | HO4: 59841 | HP4: 63630 | HQ4: 111024 | HR4: 112282 | HS4: 113795 | HT4: 84323 | HU4: 100091 | HV4: 58131 | HW4: 54737 | HX4: 103777 | HY4: 79747 | HZ4: 97383 | IA4: 115745 | IB4: 115727 | IC4: 103268 | ID4: 105953 | IE4: 104098 | IF4: 106824 | IG4: 113974 | IH4: 139680 | II4: 138356 | IJ4: 123752 | IK4: 89376 | IL4: 111120 | IM4: 113341 | IN4: 105405 | IO4: 103891 | IP4: 98088 | IQ4: 101476 | IR4: 99087 | IS4: 120281 | IT4: 120263 | IU4: 165327 | IV4: 171410 | IW4: 129333 | IX4: 97858 | IY4: 57650 | IZ4: 121370 | JA4: 143001 | JB4: 146862 | JC4: 130909 | JD4: 106338 | JE4: 83419 | JF4: 74482 | JG4: 133599 | JH4: 173594 | JI4: 162614 | JJ4: 183167 | JK4: 180184 | JL4: 84488 | JM4: 67238 | JN4: 145944 | JO4: 189656 | JP4: 162989 | JQ4: 168481 | JR4: 137762 | JS4: 84001 | JT4: 72512 | JU4: 149075 | JV4: 164266 | JW4: 173891 | JX4: 177190 | JY4: 179760 | JZ4: 103215 | KA4: 67615 | KB4: 181138 | KC4: 171842 | KD4: 203447 | KE4: 213845 | KF4: 214373 | KG4: 216578 | KH4: 153818 | KI4: 199107 | KJ4: 215894 | KK4: 203954 | KL4: 212985 | KM4: 197455 | KN4: 145735 | KO4: 112433 | KP4: 196571 | KQ4: 202583 | KR4: 211064 | KS4: 174986 | KT4: 156181 | KU4: 99474 | KV4: 84537 | KW4: 158534 | KX4: 194645 | KY4: 188010 | KZ4: 167672 | LA4: 86129 | LB4: 99527 | LC4: 89670 | LD4: 115079 | LE4: 117252 | LF4: 130169 | LG4: 132371 | LH4: 118039 | LI4: 97736 | LJ4: 97473 | LK4: 125909 | LL4: 176181 | LM4: 156073 | LN4: 129627 | LO4: 134785 | LP4: 81720 | LQ4: 75000 | LR4: 111431 | LS4: 145629 | LT4: 159338 | LU4: 161208 | LV4: 143780 | LW4: 87582 | LX4: 82023 | LY4: 173818 | LZ4: 167365 | MA4: 175196 | MB4: 155446 | MC4: 159897 | MD4: 96131 | ME4: 71848 | MF4: 162076 | MG4: 188867 | MH4: 196941 | MI4: 191777 | MJ4: 160227 | MK4: 111542 | ML4: 84103 | MM4: 127258 | MN4: 130803 | MO4: 137569 | MP4: 135661 | MQ4: 133999 | MR4: 128412 | MS4: 132062 | MT4: 128960 | MU4: 129343 | MV4: 136976 | MW4: 142075 | MX4: 124170 | MY4: 89809 | MZ4: 81836 | NA4: 136048 | NB4: 138162 | NC4: 94243
A5: =+A4/A3 -> 36.088244 | B5: Gerçekleşen Verimlilik | D5: =+D4/D3 -> 30.555778 | E5: =+E4/E3 -> 26.741907 | F5: =+F4/F3 -> 29.440418 | G5: =+G4/G3 -> 29.403348 | H5: =+H4/H3 -> 22.211339 | I5: =+I4/I3 -> 28.191293 | J5: =+J4/J3 -> 21.53539 | K5: =+K4/K3 -> 25.406267 | ... CL5: =+CL4/CL3 -> 39.051536 | CP5: =+CP4/CP3 -> 51.707947 | CQ5: =+CQ4/CQ3 -> 49.252095 | CR5: =+CR4/CR3 -> 38.828869 | CS5: =+CS4/CS3 -> 48.222371 | CT5: =+CT4/CT3 -> 38.973781 | CU5: =+CU4/CU3 -> 33.809716 | CV5: =+CV4/CV3 -> 40.468881 | CW5: =+CW4/CW3 -> 38.963092 | ... DK5: =+DK4/DK3 -> 50.31391 | DM5: =+DM4/DM3 -> 28.182521 | DN5: =+DN4/DN3 -> 40.454325 | DO5: =+DO4/DO3 -> 46.401654 | DP5: =+DP4/DP3 -> 35.578799 | DQ5: =+DQ4/DQ3 -> 34.919281 | DR5: =+DR4/DR3 -> 30.52286 | DT5: =+DT4/DT3 -> 36.327475 | DU5: =+DU4/DU3 -> 45.707619 | DV5: =+DV4/DV3 -> 57.993971 | DW5: =+DW4/DW3 -> 38.91827 | DX5: =+DX4/DX3 -> 40.141748 | DY5: =+DY4/DY3 -> 41.370543 | DZ5: =+DZ4/DZ3 -> 40.291327 | EA5: =+EA4/EA3 -> 40.749214 | ... FB5: =+FB4/FB3 -> 25.450829 | FG5: =+FG4/FG3 -> 24.254142 | FH5: =+FH4/FH3 -> 37.809519 | FI5: =+FI4/FI3 -> 37.667346 | FJ5: =+FJ4/FJ3 -> 35.807415 | FK5: =+FK4/FK3 -> 38.238946 | FL5: =+FL4/FL3 -> 40.566594 | FM5: =+FM4/FM3 -> 40.571103 | FN5: =+FN4/FN3 -> 39.922288 | ... GO5: =+GO4/GO3 -> 25.403165 | GQ5: =+GQ4/GQ3 -> 35.05386 | GR5: =+GR4/GR3 -> 34.660175 | GS5: =+GS4/GS3 -> 38.888538 | GT5: =+GT4/GT3 -> 37.039799 | GU5: =+GU4/GU3 -> 40.717958 | GV5: =+GV4/GV3 -> 37.169334 | GW5: =+GW4/GW3 -> 35.914494 | GX5: =+GX4/GX3 -> 41.466208 | ... NC5: =+NC4/NC3 -> 42.79652
A7: Toplam | B7: Tarih | C7: 46023 | D7: =+C7+1 -> 46024 | E7: =+D7+1 -> 46025 | F7: =+E7+1 -> 46026 | G7: =+F7+1 -> 46027 | H7: =+G7+1 -> 46028 | I7: =+H7+1 -> 46029 | J7: =+I7+1 -> 46030 | K7: =+J7+1 -> 46031 | ... NC7: =+NB7+1 -> 46387
B8: Hafta | C8: 1. Hafta | D8: 1. Hafta | E8: 1. Hafta | F8: 1. Hafta | G8: 2. Hafta | H8: 2. Hafta | I8: 2. Hafta | J8: 2. Hafta | K8: 2. Hafta | L8: 2. Hafta | M8: 2. Hafta | N8: 3. Hafta | O8: 3. Hafta | P8: 3. Hafta | Q8: 3. Hafta | R8: 3. Hafta | S8: 3. Hafta | T8: 3. Hafta | U8: 4. Hafta | V8: 4. Hafta | W8: 4. Hafta | X8: 4. Hafta | Y8: 4. Hafta | Z8: 4. Hafta | AA8: 4. Hafta | AB8: 5. Hafta | AC8: 5. Hafta | AD8: 5. Hafta | AE8: 5. Hafta | AF8: 5. Hafta | AG8: 5. Hafta | AH8: 5. Hafta | AI8: 6. Hafta | AJ8: 6. Hafta | AK8: 6. Hafta | AL8: 6. Hafta | AM8: 6. Hafta | AN8: 6. Hafta | AO8: 6. Hafta | AP8: 7. Hafta | AQ8: 7. Hafta | AR8: 7. Hafta | AS8: 7. Hafta | AT8: 7. Hafta | AU8: 7. Hafta | AV8: 7. Hafta | AW8: 8. Hafta | AX8: 8. Hafta | AY8: 8. Hafta | AZ8: 8. Hafta | BA8: 8. Hafta | BB8: 8. Hafta | BC8: 8. Hafta | BD8: 9. Hafta | BE8: 9. Hafta | BF8: 9. Hafta | BG8: 9. Hafta | BH8: 9. Hafta | BI8: 9. Hafta | BJ8: 9. Hafta | BK8: 10. Hafta | BL8: 10. Hafta | BM8: 10. Hafta | BN8: 10. Hafta | BO8: 10. Hafta | BP8: 10. Hafta | BQ8: 10. Hafta | BR8: 11. Hafta | BS8: 11. Hafta | BT8: 11. Hafta | BU8: 11. Hafta | BV8: 11. Hafta | BW8: 11. Hafta | BX8: 11. Hafta | BY8: 12. Hafta | BZ8: 12. Hafta | CA8: 12. Hafta | CB8: 12. Hafta | CC8: 12. Hafta | CD8: 12. Hafta | CE8: 12. Hafta | CF8: 13. Hafta | CG8: 13. Hafta | CH8: 13. Hafta | CI8: 13. Hafta | CJ8: 13. Hafta | CK8: 13. Hafta | CL8: 13. Hafta | CM8: 14. Hafta | CN8: 14. Hafta | CO8: 14. Hafta | CP8: 14. Hafta | CQ8: 14. Hafta | CR8: 14. Hafta | CS8: 14. Hafta | CT8: 15. Hafta | CU8: 15. Hafta | CV8: 15. Hafta | CW8: 15. Hafta | CX8: 15. Hafta | CY8: 15. Hafta | CZ8: 15. Hafta | DA8: 16. Hafta | DB8: 16. Hafta | DC8: 16. Hafta | DD8: 16. Hafta | DE8: 16. Hafta | DF8: 16. Hafta | DG8: 16. Hafta | DH8: 17. Hafta | DI8: 17. Hafta | DJ8: 17. Hafta | DK8: 17. Hafta | DL8: 17. Hafta | DM8: 17. Hafta | DN8: 17. Hafta | DO8: 18. Hafta | DP8: 18. Hafta | DQ8: 18. Hafta | DR8: 18. Hafta | DS8: 18. Hafta | DT8: 18. Hafta | DU8: 18. Hafta | DV8: 19. Hafta | DW8: 19. Hafta | DX8: 19. Hafta | DY8: 19. Hafta | DZ8: 19. Hafta | EA8: 19. Hafta | EB8: 19. Hafta | EC8: 20. Hafta | ED8: 20. Hafta | EE8: 20. Hafta | EF8: 20. Hafta | EG8: 20. Hafta | EH8: 20. Hafta | EI8: 20. Hafta | EJ8: 21. Hafta | EK8: 21. Hafta | EL8: 21. Hafta | EM8: 21. Hafta | EN8: 21. Hafta | EO8: 21. Hafta | EP8: 21. Hafta | EQ8: 22. Hafta | ER8: 22. Hafta | ES8: 22. Hafta | ET8: 22. Hafta | EU8: 22. Hafta | EV8: 22. Hafta | EW8: 22. Hafta | EX8: 23. Hafta | EY8: 23. Hafta | EZ8: 23. Hafta | FA8: 23. Hafta | FB8: 23. Hafta | FC8: 23. Hafta | FD8: 23. Hafta | FE8: 24. Hafta | FF8: 24. Hafta | FG8: 24. Hafta | FH8: 24. Hafta | FI8: 24. Hafta | FJ8: 24. Hafta | FK8: 24. Hafta | FL8: 25. Hafta | FM8: 25. Hafta | FN8: 25. Hafta | FO8: 25. Hafta | FP8: 25. Hafta | FQ8: 25. Hafta | FR8: 25. Hafta | FS8: 26. Hafta | FT8: 26. Hafta | FU8: 26. Hafta | FV8: 26. Hafta | FW8: 26. Hafta | FX8: 26. Hafta | FY8: 26. Hafta | FZ8: 27. Hafta | GA8: 27. Hafta | GB8: 27. Hafta | GC8: 27. Hafta | GD8: 27. Hafta | GE8: 27. Hafta | GF8: 27. Hafta | GG8: 28. Hafta | GH8: 28. Hafta | GI8: 28. Hafta | GJ8: 28. Hafta | GK8: 28. Hafta | GL8: 28. Hafta | GM8: 28. Hafta | GN8: 29. Hafta | GO8: 29. Hafta | GP8: 29. Hafta | GQ8: 29. Hafta | GR8: 29. Hafta | GS8: 29. Hafta | GT8: 29. Hafta | GU8: 30. Hafta | GV8: 30. Hafta | GW8: 30. Hafta | GX8: 30. Hafta | GY8: 30. Hafta | GZ8: 30. Hafta | HA8: 30. Hafta | HB8: 31. Hafta | HC8: 31. Hafta | HD8: 31. Hafta | HE8: 31. Hafta | HF8: 31. Hafta | HG8: 31. Hafta | HH8: 31. Hafta | HI8: 32. Hafta | HJ8: 32. Hafta | HK8: 32. Hafta | HL8: 32. Hafta | HM8: 32. Hafta | HN8: 32. Hafta | HO8: 32. Hafta | HP8: 33. Hafta | HQ8: 33. Hafta | HR8: 33. Hafta | HS8: 33. Hafta | HT8: 33. Hafta | HU8: 33. Hafta | HV8: 33. Hafta | HW8: 34. Hafta | HX8: 34. Hafta | HY8: 34. Hafta | HZ8: 34. Hafta | IA8: 34. Hafta | IB8: 34. Hafta | IC8: 34. Hafta | ID8: 35. Hafta | IE8: 35. Hafta | IF8: 35. Hafta | IG8: 35. Hafta | IH8: 35. Hafta | II8: 35. Hafta | IJ8: 35. Hafta | IK8: 36. Hafta | IL8: 36. Hafta | IM8: 36. Hafta | IN8: 36. Hafta | IO8: 36. Hafta | IP8: 36. Hafta | IQ8: 36. Hafta | IR8: 37. Hafta | IS8: 37. Hafta | IT8: 37. Hafta | IU8: 37. Hafta | IV8: 37. Hafta | IW8: 37. Hafta | IX8: 37. Hafta | IY8: 38. Hafta | IZ8: 38. Hafta | JA8: 38. Hafta | JB8: 38. Hafta | JC8: 38. Hafta | JD8: 38. Hafta | JE8: 38. Hafta | JF8: 39. Hafta | JG8: 39. Hafta | JH8: 39. Hafta | JI8: 39. Hafta | JJ8: 39. Hafta | JK8: 39. Hafta | JL8: 39. Hafta | JM8: 40. Hafta | JN8: 40. Hafta | JO8: 40. Hafta | JP8: 40. Hafta | JQ8: 40. Hafta | JR8: 40. Hafta | JS8: 40. Hafta | JT8: 41. Hafta | JU8: 41. Hafta | JV8: 41. Hafta | JW8: 41. Hafta | JX8: 41. Hafta | JY8: 41. Hafta | JZ8: 41. Hafta
A9: =+SUM(C9:NC9) -> 1073290.7 | B9: Gerçekleşen Çalışma Saat | D9: 3441.3184 | E9: 3569.9333 | G9: 3979.5589 | H9: 4211.9802 | I9: 3927.7254 | J9: 3688.7481 | K9: 3785.4502 | L9: 3390.504 | M9: 0 | N9: 3994.0449 | O9: 4176.8138 | P9: 3613.8608 | Q9: 4025.0435 | R9: 4074.1878 | S9: 4038.1995 | U9: 3709.6667 | V9: 3951.8837 | W9: 3814.4113 | X9: 3700.9828 | Y9: 3567.61 | Z9: 3871.4167 | AB9: 3830.1565 | AC9: 3908.5407 | AD9: 3474.3603 | AE9: 3755.3859 | AF9: 3845.4583 | AG9: 3867.6667 | AI9: 4150.0232 | AJ9: 3817.9783 | AK9: 3522.5884 | AL9: 3560.8372 | AM9: 4067.3333 | AN9: 3770.3333 | AP9: 3850.7685 | AQ9: 3931.2872 | AR9: 3654.1931 | AS9: 3782.9134 | AT9: 4095.6667 | AU9: 3879.3333 | AW9: 4073.4167 | AX9: 3998.4912 | AY9: 3626.3745 | AZ9: 3863.0284 | BA9: 3934.25 | BB9: 4040.3333 | BD9: 3980.5461 | BE9: 3937.2627 | BF9: 4006.5906 | BG9: 3674.0649 | BH9: 4219.8319 | BI9: 4001.7742 | BK9: 5709.9167 | BL9: 5618.75 | BM9: 4850.3333 | BN9: 4671.75 | BO9: 4427.6711 | BP9: 4986.002 | BR9: 5717.5667 | BS9: 5903.2578 | BT9: 5997.6842 | BU9: 5811.4779 | BV9: 5880 | BW9: 5520.4167 | BX9: 4250.25 | BY9: 5287.1667 | BZ9: 4290.6667 | CA9: 4149.4167 | CB9: 1315 | CF9: 4476.9167 | CG9: 4569.25 | CH9: 4488.1789 | CI9: 3670.2919 | CJ9: 3870.7189 | CK9: 3838.1785 | CM9: 4098.75 | CN9: 4021.0833 | CO9: 3859.6599 | CP9: 3967.6144 | CQ9: 4136.5833 | CR9: 3467.6667 | CT9: 4392.75 | CU9: 4303.3333 | CV9: 4470.25 | CW9: 4571.0833 | CX9: 4209.4681 | CY9: 3830.5469 | DA9: 4031.5833 | DB9: 4157 | DC9: 3984.25 | DD9: 3986.25 | DE9: 3979.698 | DF9: 3686.3947 | DG9: 2873.7762 | DH9: 3739.6477 | DI9: 3675.03 | DJ9: 3930.1383 | DK9: 3503.2634 | DL9: 3689.9744 | DM9: 3633.4995 | DO9: 3771.75 | DP9: 3969.3608 | DQ9: 3948.1706 | DR9: 3895.9167 | DT9: 3838.4167 | DU9: 3527.3333 | DV9: 3743.9103 | DW9: 4383.907 | DX9: 4319.4185 | DY9: 4116.5675 | DZ9: 4235.1525 | EA9: 3491.3554 | EC9: 4879.9467 | ED9: 4946.8302 | EE9: 5029.875 | EF9: 5220.0012 | EG9: 5187.4467 | EH9: 5200.8029 | EI9: 5229.1667 | EJ9: 5360.9371 | EK9: 5001.4047 | EL9: 5433.7115 | EM9: 5128.1394 | EN9: 4831.2986 | EO9: 4755.7936 | EQ9: 4302 | ER9: 1374.25 | EV9: 4077.3774 | EX9: 4220.5535 | EY9: 4689.3131 | EZ9: 4489.7118 | FA9: 4289.0213 | FB9: 4431.0854 | FC9: 4094.7683 | FE9: 4337.9172 | FF9: 4448.5868 | FG9: 4556.3841 | FH9: 4719.0192 | FI9: 5085.807 | FJ9: 4554.3254 | FK9: 3474.3616 | FL9: 4436.6108 | FM9: 4559.8631 | FN9: 4248.1619 | FO9: 4010.5376 | FP9: 4042.0021 | FQ9: 3492.0309 | FS9: 4182.8613 | FT9: 4398.1799 | FU9: 4350.6097 | FV9: 4373.2372 | FW9: 4289.2606 | FX9: 4049.3084 | FY9: 3190.8164 | FZ9: 4089.8223 | GA9: 4001.6213 | GB9: 4187.7131 | GC9: 4410.4737 | GD9: 4088.1478 | GE9: 3892.5608 | GG9: 3990.7084 | GH9: 4520.2292 | GI9: 4267.4727 | GJ9: 4279.3002 | GK9: 3996.6697 | GL9: 3880.2921 | GM9: 3522.5243 | GN9: 3721.1983 | GO9: 3486.7769 | GP9: 3687.0791 | GQ9: 3932.3333 | GR9: 3859.5419 | GS9: 3536.8333 | GU9: 3839.2306 | GV9: 4075.5833 | GW9: 3981.2323 | GX9: 3852.415 | GY9: 4170.3333 | GZ9: 3876.9167 | HA9: 3248.8333 | HB9: 3986.3333 | HC9: 4195.5 | HD9: 4133.6667 | HE9: 4335.8333 | HF9: 4404 | HG9: 4249.6667 | HI9: 4163.1667 | HJ9: 4161.5833 | HK9: 4165.9993 | HL9: 4124.1253 | HM9: 4067.0077 | HN9: 4041 | HO9: 3121.5 | HP9: 4141.8326 | HQ9: 4434.9477 | HR9: 4665.9243 | HS9: 5142.4686 | HT9: 5398.6947 | HU9: 5061.1667 | HW9: 5123.3928 | HX9: 4827.8377 | HY9: 4989.2024 | HZ9: 5109.2294 | IA9: 4982.7756 | IB9: 4641.2858 | IC9: 3612.2733 | ID9: 4401.5747 | IE9: 4396.0999 | IF9: 4461.2843 | IG9: 4822.5923 | IH9: 4362.6836 | II9: 3780.2048 | IK9: 4410.3597 | IL9: 4433.3649 | IM9: 4549.303 | IN9: 5535.0359 | IO9: 5196.9042 | IP9: 4580.5009 | IQ9: 3145.3913 | IR9: 4802.786 | IS9: 4926.1627 | IT9: 5238.1376 | IU9: 5179.7521 | IV9: 5376.6685 | IW9: 4681.6141 | IY9: 5497.2206 | IZ9: 5608.8448 | JA9: 5163.0977 | JB9: 5747.3681 | JC9: 5072.257 | JD9: 4615.9541 | JF9: 4908.864 | JG9: 5300.5463 | JH9: 5519.8289 | JI9: 5236.8319 | JJ9: 5116.427 | JK9: 4502.7224 | JM9: 5713.1832 | JN9: 5971.8424 | JO9: 6058.006 | JP9: 5691.161 | JQ9: 5914.2462 | JR9: 4948.4052 | JT9: 6041.3051 | JU9: 6602.3333 | JV9: 6197.0643 | JW9: 6175.3786 | JX9: 5737.0229 | JY9: 5625.2094
A10: =+SUM(C10:NC10) -> 37435297 | B10: Gerçekleşen Adet | D10: 126338 | E10: 136579 | G10: 134660 | H10: 146987 | I10: 165013 | J10: 145474 | K10: 123444 | L10: 128716 | M10: 0 | N10: 145114 | O10: 136417 | P10: 138323 | Q10: 129506 | R10: 116556 | S10: 109079 | U10: 128127 | V10: 131650 | W10: 126899 | X10: 122939 | Y10: 129787 | Z10: 133307 | AB10: 128220 | AC10: 144881 | AD10: 142720 | AE10: 122213 | AF10: 102208 | AG10: 97072 | AI10: 123248 | AJ10: 129340 | AK10: 89207 | AL10: 128014 | AM10: 109075 | AN10: 77314 | AP10: 131983 | AQ10: 128613 | AR10: 105712 | AS10: 96969 | AT10: 102963 | AU10: 98509 | AW10: 124046 | AX10: 126422 | AY10: 113553 | AZ10: 113413 | BA10: 138303 | BB10: 135570 | BD10: 138647 | BE10: 154719 | BF10: 158509 | BG10: 143141 | BH10: 151036 | BI10: 135208 | BK10: 170506 | BL10: 200581 | BM10: 187064 | BN10: 171305 | BO10: 154974 | BP10: 188394 | BR10: 196380 | BS10: 219045 | BT10: 227633 | BU10: 237710 | BV10: 236877 | BW10: 226868 | BX10: 161107 | BY10: 196826 | BZ10: 183886 | CA10: 129772 | CB10: 23290 | CF10: 140064 | CG10: 194351 | CH10: 197964 | CI10: 138247 | CJ10: 135013 | CK10: 133077 | CM10: 137391 | CN10: 150863 | CO10: 143333 | CP10: 157309 | CQ10: 156080 | CR10: 126619 | CT10: 141815 | CU10: 142688 | CV10: 173757 | CW10: 180019 | CX10: 159246 | CY10: 146791 | DA10: 134647 | DB10: 144859 | DC10: 158487 | DD10: 159831 | DE10: 158145 | DF10: 153334 | DG10: 107656 | DH10: 139615 | DI10: 145580 | DJ10: 154288 | DK10: 147698 | DL10: 133049 | DM10: 109755 | DO10: 136379 | DP10: 152181 | DQ10: 162660 | DR10: 163354 | DT10: 157855 | DU10: 161947 | DV10: 146182 | DW10: 165603 | DX10: 180723 | DY10: 185592 | DZ10: 153229 | EA10: 166271 | EC10: 177151 | ED10: 196332 | EE10: 203689 | EF10: 210230 | EG10: 185868 | EH10: 212415 | EI10: 227177 | EJ10: 213725 | EK10: 207388 | EL10: 205963 | EM10: 220286 | EN10: 215676 | EO10: 226799 | EQ10: 161649 | ER10: 50260 | EV10: 147491 | EX10: 163807 | EY10: 189558 | EZ10: 181480 | FA10: 171953 | FB10: 169528 | FC10: 171310 | FE10: 169567 | FF10: 161239 | FG10: 186071 | FH10: 194634 | FI10: 177235 | FJ10: 192614 | FK10: 160504 | FL10: 160278 | FM10: 167328 | FN10: 170370 | FO10: 171855 | FP10: 167235 | FQ10: 155802 | FS10: 147270 | FT10: 175624 | FU10: 161952 | FV10: 170065 | FW10: 155375 | FX10: 165915 | FY10: 150943 | FZ10: 161920 | GA10: 160346 | GB10: 164358 | GC10: 154137 | GD10: 122431 | GE10: 131026 | GG10: 128502 | GH10: 164771 | GI10: 105998 | GJ10: 123532 | GK10: 140487 | GL10: 140584 | GM10: 128818 | GN10: 127216 | GO10: 118359 | GP10: 142055 | GQ10: 143815 | GR10: 126686 | GS10: 131045 | GU10: 118754 | GV10: 133648 | GW10: 147108 | GX10: 136204 | GY10: 140157 | GZ10: 144687 | HA10: 118866 | HB10: 136140 | HC10: 129830 | HD10: 146201 | HE10: 136909 | HF10: 139121 | HG10: 131146 | HI10: 134306 | HJ10: 124051 | HK10: 149622 | HL10: 148576 | HM10: 131206 | HN10: 149623 | HO10: 120912 | HP10: 134438 | HQ10: 135871 | HR10: 140955 | HS10: 178642 | HT10: 157443 | HU10: 159734 | HW10: 166668 | HX10: 164161 | HY10: 156694 | HZ10: 140170 | IA10: 172935 | IB10: 173854 | IC10: 137938 | ID10: 131016 | IE10: 144378 | IF10: 143398 | IG10: 126956 | IH10: 139663 | II10: 135259 | IK10: 117074 | IL10: 140331 | IM10: 162264 | IN10: 122468 | IO10: 126421 | IP10: 136455 | IQ10: 109569 | IR10: 154411 | IS10: 160734 | IT10: 143808 | IU10: 165843 | IV10: 173468 | IW10: 180638 | IY10: 151755 | IZ10: 174306 | JA10: 167256 | JB10: 158802 | JC10: 165204 | JD10: 154978 | JF10: 149993 | JG10: 161496 | JH10: 167565 | JI10: 157557 | JJ10: 136662 | JK10: 141428 | JM10: 151455 | JN10: 168029 | JO10: 180552 | JP10: 178984 | JQ10: 169036 | JR10: 167590 | JT10: 159720 | JU10: 201650 | JV10: 185079 | JW10: 175491 | JX10: 153206 | JY10: 127574
A11: =+A10/A9 -> 34.878993 | B11: Gerçekleşen Verimlilik | D11: =+IFERROR(D10/D9,"") -> 36.712093 | E11: =+IFERROR(E10/E9,"") -> 38.258137 | G11: =+IFERROR(G10/G9,"") -> 33.837921 | H11: =+IFERROR(H10/H9,"") -> 34.897363 | I11: =+IFERROR(I10/I9,"") -> 42.012357 | J11: =+IFERROR(J10/J9,"") -> 39.437228 | K11: =+IFERROR(K10/K9,"") -> 32.610124 | L11: =+IFERROR(L10/L9,"") -> 37.963678 | M11: =+IFERROR(M10/M9,"") | N11: =+IFERROR(N10/N9,"") -> 36.332591 | ... ER11: =+IFERROR(ER10/ER9,"") -> 36.572676 | EV11: =+IFERROR(EV10/EV9,"") -> 36.173006 | EW11: =+IFERROR(EW10/EW9,"") | EX11: =+IFERROR(EX10/EX9,"") -> 38.811734 | EY11: =+IFERROR(EY10/EY9,"") -> 40.423405 | EZ11: =+IFERROR(EZ10/EZ9,"") -> 40.421302 | FA11: =+IFERROR(FA10/FA9,"") -> 40.09143 | FB11: =+IFERROR(FB10/FB9,"") -> 38.258798 | FC11: =+IFERROR(FC10/FC9,"") -> 41.836311 | ... JZ11: =+IFERROR(JZ10/JZ9,"")

Sheet Genel Müşteri Çıkış (2)
A1: Toplam | B1: Tarih | C1: 45658 | D1: 45659 | E1: 45660 | F1: 45661 | G1: 45662 | H1: 45663 | I1: 45664 | J1: 45665 | K1: 45666 | L1: 45667 | M1: 45668 | N1: 45669 | O1: 45670 | P1: 45671 | Q1: 45672 | R1: 45673 | S1: 45674 | T1: 45675 | U1: 45676 | V1: 45677 | W1: 45678 | X1: 45679 | Y1: 45680 | Z1: 45681 | AA1: 45682 | AB1: 45683 | AC1: 45684 | AD1: 45685 | AE1: 45686 | AF1: 45687 | AG1: 45688 | AH1: 45689 | AI1: 45690 | AJ1: 45691 | AK1: 45692 | AL1: 45693 | AM1: 45694 | AN1: 45695 | AO1: 45696 | AP1: 45697 | AQ1: 45698 | AR1: 45699 | AS1: 45700 | AT1: 45701 | AU1: 45702 | AV1: 45703 | AW1: 45704 | AX1: 45705 | AY1: 45706 | AZ1: 45707 | BA1: 45708 | BB1: 45709 | BC1: 45710 | BD1: 45711 | BE1: 45712 | BF1: 45713 | BG1: 45714 | BH1: 45715 | BI1: 45716 | BJ1: 45717 | BK1: 45718 | BL1: 45719 | BM1: 45720 | BN1: 45721 | BO1: 45722 | BP1: 45723 | BQ1: 45724 | BR1: 45725 | BS1: 45726 | BT1: 45727 | BU1: 45728 | BV1: 45729 | BW1: 45730 | BX1: 45731 | BY1: 45732 | BZ1: 45733 | CA1: 45734 | CB1: 45735 | CC1: 45736 | CD1: 45737 | CE1: 45738 | CF1: 45739 | CG1: 45740 | CH1: 45741 | CI1: 45742 | CJ1: 45743 | CK1: 45744 | CL1: 45745 | CM1: 45746 | CN1: 45747 | CO1: 45748 | CP1: 45749 | CQ1: 45750 | CR1: 45751 | CS1: 45752 | CT1: 45753 | CU1: 45754 | CV1: 45755 | CW1: 45756 | CX1: 45757 | CY1: 45758 | CZ1: 45759 | DA1: 45760 | DB1: 45761 | DC1: 45762 | DD1: 45763 | DE1: 45764 | DF1: 45765 | DG1: 45766 | DH1: 45767 | DI1: 45768 | DJ1: 45769 | DK1: 45770 | DL1: 45771 | DM1: 45772 | DN1: 45773 | DO1: 45774 | DP1: 45775 | DQ1: 45776 | DR1: 45777 | DS1: 45778 | DT1: 45779 | DU1: 45780 | DV1: 45781 | DW1: 45782 | DX1: 45783 | DY1: 45784 | DZ1: 45785 | EA1: 45786 | EB1: 45787 | EC1: 45788 | ED1: 45789 | EE1: 45790 | EF1: 45791 | EG1: 45792 | EH1: 45793 | EI1: 45794 | EJ1: 45795 | EK1: 45796 | EL1: 45797 | EM1: 45798 | EN1: 45799 | EO1: 45800 | EP1: 45801 | EQ1: 45802 | ER1: 45803 | ES1: 45804 | ET1: 45805 | EU1: 45806 | EV1: 45807 | EW1: 45808 | EX1: 45809 | EY1: 45810 | EZ1: 45811 | FA1: 45812 | FB1: 45813 | FC1: 45814 | FD1: 45815 | FE1: 45816 | FF1: 45817 | FG1: 45818 | FH1: 45819 | FI1: 45820 | FJ1: 45821 | FK1: 45822 | FL1: 45823 | FM1: 45824 | FN1: 45825 | FO1: 45826 | FP1: 45827 | FQ1: 45828 | FR1: 45829 | FS1: 45830 | FT1: 45831 | FU1: 45832 | FV1: 45833 | FW1: 45834 | FX1: 45835 | FY1: 45836 | FZ1: 45837 | GA1: 45838 | GB1: 45839 | GC1: 45840 | GD1: 45841 | GE1: 45842 | GF1: 45843 | GG1: 45844 | GH1: 45845 | GI1: 45846 | GJ1: 45847 | GK1: 45848 | GL1: 45849 | GM1: 45850 | GN1: 45851 | GO1: 45852 | GP1: 45853 | GQ1: 45854 | GR1: 45855 | GS1: 45856 | GT1: 45857 | GU1: 45858 | GV1: 45859 | GW1: 45860 | GX1: 45861 | GY1: 45862 | GZ1: 45863 | HA1: 45864 | HB1: 45865 | HC1: 45866 | HD1: 45867 | HE1: 45868 | HF1: 45869 | HG1: 45870 | HH1: 45871 | HI1: 45872 | HJ1: 45873 | HK1: 45874 | HL1: 45875 | HM1: 45876 | HN1: 45877 | HO1: 45878 | HP1: 45879 | HQ1: 45880 | HR1: 45881 | HS1: 45882 | HT1: 45883 | HU1: 45884 | HV1: 45885 | HW1: 45886 | HX1: 45887 | HY1: 45888 | HZ1: 45889 | IA1: 45890 | IB1: 45891 | IC1: 45892 | ID1: 45893 | IE1: 45894 | IF1: 45895 | IG1: 45896 | IH1: 45897 | II1: 45898 | IJ1: 45899 | IK1: 45900 | IL1: 45901 | IM1: 45902 | IN1: 45903 | IO1: 45904 | IP1: 45905 | IQ1: 45906 | IR1: 45907 | IS1: 45908 | IT1: 45909 | IU1: 45910 | IV1: 45911 | IW1: 45912 | IX1: 45913 | IY1: 45914 | IZ1: 45915 | JA1: 45916 | JB1: 45917 | JC1: 45918 | JD1: 45919 | JE1: 45920 | JF1: 45921 | JG1: 45922 | JH1: 45923 | JI1: 45924 | JJ1: 45925 | JK1: 45926 | JL1: 45927 | JM1: 45928 | JN1: 45929 | JO1: 45930 | JP1: 45931 | JQ1: 45932 | JR1: 45933 | JS1: 45934 | JT1: 45935 | JU1: 45936 | JV1: 45937 | JW1: 45938 | JX1: 45939 | JY1: 45940 | JZ1: 45941 | KA1: 45942 | KB1: 45943 | KC1: 45944 | KD1: 45945 | KE1: 45946 | KF1: 45947 | KG1: 45948 | KH1: 45949 | KI1: 45950 | KJ1: 45951 | KK1: 45952 | KL1: 45953 | KM1: 45954 | KN1: 45955 | KO1: 45956 | KP1: 45957 | KQ1: 45958 | KR1: 45959 | KS1: 45960 | KT1: 45961 | KU1: 45962 | KV1: 45963 | KW1: 45964 | KX1: 45965 | KY1: 45966 | KZ1: 45967 | LA1: 45968 | LB1: 45969 | LC1: 45970 | LD1: 45971 | LE1: 45972 | LF1: 45973 | LG1: 45974 | LH1: 45975 | LI1: 45976 | LJ1: 45977 | LK1: 45978 | LL1: 45979 | LM1: 45980 | LN1: 45981 | LO1: 45982 | LP1: 45983 | LQ1: 45984 | LR1: 45985 | LS1: 45986 | LT1: 45987 | LU1: 45988 | LV1: 45989 | LW1: 45990 | LX1: 45991 | LY1: 45992 | LZ1: 45993 | MA1: 45994 | MB1: 45995 | MC1: 45996 | MD1: 45997 | ME1: 45998 | MF1: 45999 | MG1: 46000 | MH1: 46001 | MI1: 46002 | MJ1: 46003 | MK1: 46004 | ML1: 46005 | MM1: 46006 | MN1: 46007 | MO1: 46008 | MP1: 46009 | MQ1: 46010 | MR1: 46011 | MS1: 46012 | MT1: 46013 | MU1: 46014 | MV1: 46015 | MW1: 46016 | MX1: 46017 | MY1: 46018 | MZ1: 46019 | NA1: 46020 | NB1: 46021 | NC1: 46022
B2: Hafta | C2: 1. Hafta | D2: 1. Hafta | E2: 1. Hafta | F2: 1. Hafta | G2: 1. Hafta | H2: 2. Hafta | I2: 2. Hafta | J2: 2. Hafta | K2: 2. Hafta | L2: 2. Hafta | M2: 2. Hafta | N2: 2. Hafta | O2: 3. Hafta | P2: 3. Hafta | Q2: 3. Hafta | R2: 3. Hafta | S2: 3. Hafta | T2: 3. Hafta | U2: 3. Hafta | V2: 4. Hafta | W2: 4. Hafta | X2: 4. Hafta | Y2: 4. Hafta | Z2: 4. Hafta | AA2: 4. Hafta | AB2: 4. Hafta | AC2: 5. Hafta | AD2: 5. Hafta | AE2: 5. Hafta | AF2: 5. Hafta | AG2: 5. Hafta | AH2: 5. Hafta | AI2: 5. Hafta | AJ2: 6. Hafta | AK2: 6. Hafta | AL2: 6. Hafta | AM2: 6. Hafta | AN2: 6. Hafta | AO2: 6. Hafta | AP2: 6. Hafta | AQ2: 7. Hafta | AR2: 7. Hafta | AS2: 7. Hafta | AT2: 7. Hafta | AU2: 7. Hafta | AV2: 7. Hafta | AW2: 7. Hafta | AX2: 8. Hafta | AY2: 8. Hafta | AZ2: 8. Hafta | BA2: 8. Hafta | BB2: 8. Hafta | BC2: 8. Hafta | BD2: 8. Hafta | BE2: 9. Hafta | BF2: 9. Hafta | BG2: 9. Hafta | BH2: 9. Hafta | BI2: 9. Hafta | BJ2: 9. Hafta | BK2: 9. Hafta | BL2: 10. Hafta | BM2: 10. Hafta | BN2: 10. Hafta | BO2: 10. Hafta | BP2: 10. Hafta | BQ2: 10. Hafta | BR2: 10. Hafta | BS2: 11. Hafta | BT2: 11. Hafta | BU2: 11. Hafta | BV2: 11. Hafta | BW2: 11. Hafta | BX2: 11. Hafta | BY2: 11. Hafta | BZ2: 12. Hafta | CA2: 12. Hafta | CB2: 12. Hafta | CC2: 12. Hafta | CD2: 12. Hafta | CE2: 12. Hafta | CF2: 12. Hafta | CG2: 13. Hafta | CH2: 13. Hafta | CI2: 13. Hafta | CJ2: 13. Hafta | CK2: 13. Hafta | CL2: 13. Hafta | CM2: 13. Hafta | CN2: 14. Hafta | CO2: 14. Hafta | CP2: 14. Hafta | CQ2: 14. Hafta | CR2: 14. Hafta | CS2: 14. Hafta | CT2: 14. Hafta | CU2: 15. Hafta | CV2: 15. Hafta | CW2: 15. Hafta | CX2: 15. Hafta | CY2: 15. Hafta | CZ2: 15. Hafta | DA2: 15. Hafta | DB2: 16. Hafta | DC2: 16. Hafta | DD2: 16. Hafta | DE2: 16. Hafta | DF2: 16. Hafta | DG2: 16. Hafta | DH2: 16. Hafta | DI2: 17. Hafta | DJ2: 17. Hafta | DK2: 17. Hafta | DL2: 17. Hafta | DM2: 17. Hafta | DN2: 17. Hafta | DO2: 17. Hafta | DP2: 18. Hafta | DQ2: 18. Hafta | DR2: 18. Hafta | DS2: 18. Hafta | DT2: 18. Hafta | DU2: 18. Hafta | DV2: 18. Hafta | DW2: 19. Hafta | DX2: 19. Hafta | DY2: 19. Hafta | DZ2: 19. Hafta | EA2: 19. Hafta | EB2: 19. Hafta | EC2: 19. Hafta | ED2: 20. Hafta | EE2: 20. Hafta | EF2: 20. Hafta | EG2: 20. Hafta | EH2: 20. Hafta | EI2: 20. Hafta | EJ2: 20. Hafta | EK2: 21. Hafta | EL2: 21. Hafta | EM2: 21. Hafta | EN2: 21. Hafta | EO2: 21. Hafta | EP2: 21. Hafta | EQ2: 21. Hafta | ER2: 22. Hafta | ES2: 22. Hafta | ET2: 22. Hafta | EU2: 22. Hafta | EV2: 22. Hafta | EW2: 22. Hafta | EX2: 22. Hafta | EY2: 23. Hafta | EZ2: 23. Hafta | FA2: 23. Hafta | FB2: 23. Hafta | FC2: 23. Hafta | FD2: 23. Hafta | FE2: 23. Hafta | FF2: 24. Hafta | FG2: 24. Hafta | FH2: 24. Hafta | FI2: 24. Hafta | FJ2: 24. Hafta | FK2: 24. Hafta | FL2: 24. Hafta | FM2: 25. Hafta | FN2: 25. Hafta | FO2: 25. Hafta | FP2: 25. Hafta | FQ2: 25. Hafta | FR2: 25. Hafta | FS2: 25. Hafta | FT2: 26. Hafta | FU2: 26. Hafta | FV2: 26. Hafta | FW2: 26. Hafta | FX2: 26. Hafta | FY2: 26. Hafta | FZ2: 26. Hafta | GA2: 27. Hafta | GB2: 27. Hafta | GC2: 27. Hafta | GD2: 27. Hafta | GE2: 27. Hafta | GF2: 27. Hafta | GG2: 27. Hafta | GH2: 28. Hafta | GI2: 28. Hafta | GJ2: 28. Hafta | GK2: 28. Hafta | GL2: 28. Hafta | GM2: 28. Hafta | GN2: 28. Hafta | GO2: 29. Hafta | GP2: 29. Hafta | GQ2: 29. Hafta | GR2: 29. Hafta | GS2: 29. Hafta | GT2: 29. Hafta | GU2: 29. Hafta | GV2: 30. Hafta | GW2: 30. Hafta | GX2: 30. Hafta | GY2: 30. Hafta | GZ2: 30. Hafta | HA2: 30. Hafta | HB2: 30. Hafta | HC2: 31. Hafta | HD2: 31. Hafta | HE2: 31. Hafta | HF2: 31. Hafta | HG2: 31. Hafta | HH2: 31. Hafta | HI2: 31. Hafta | HJ2: 32. Hafta | HK2: 32. Hafta | HL2: 32. Hafta | HM2: 32. Hafta | HN2: 32. Hafta | HO2: 32. Hafta | HP2: 32. Hafta | HQ2: 33. Hafta | HR2: 33. Hafta | HS2: 33. Hafta | HT2: 33. Hafta | HU2: 33. Hafta | HV2: 33. Hafta | HW2: 33. Hafta | HX2: 34. Hafta | HY2: 34. Hafta | HZ2: 34. Hafta | IA2: 34. Hafta | IB2: 34. Hafta | IC2: 34. Hafta | ID2: 34. Hafta | IE2: 35. Hafta | IF2: 35. Hafta | IG2: 35. Hafta | IH2: 35. Hafta | II2: 35. Hafta | IJ2: 35. Hafta | IK2: 35. Hafta | IL2: 36. Hafta | IM2: 36. Hafta | IN2: 36. Hafta | IO2: 36. Hafta | IP2: 36. Hafta | IQ2: 36. Hafta | IR2: 36. Hafta | IS2: 37. Hafta | IT2: 37. Hafta | IU2: 37. Hafta | IV2: 37. Hafta | IW2: 37. Hafta | IX2: 37. Hafta | IY2: 37. Hafta | IZ2: 38. Hafta | JA2: 38. Hafta | JB2: 38. Hafta | JC2: 38. Hafta | JD2: 38. Hafta | JE2: 38. Hafta | JF2: 38. Hafta | JG2: 39. Hafta | JH2: 39. Hafta | JI2: 39. Hafta | JJ2: 39. Hafta | JK2: 39. Hafta | JL2: 39. Hafta | JM2: 39. Hafta | JN2: 40. Hafta | JO2: 40. Hafta | JP2: 40. Hafta | JQ2: 40. Hafta | JR2: 40. Hafta | JS2: 40. Hafta | JT2: 40. Hafta | JU2: 41. Hafta | JV2: 41. Hafta | JW2: 41. Hafta | JX2: 41. Hafta | JY2: 41. Hafta | JZ2: 41. Hafta | KA2: 41. Hafta | KB2: 42. Hafta | KC2: 42. Hafta | KD2: 42. Hafta | KE2: 42. Hafta | KF2: 42. Hafta | KG2: 42. Hafta | KH2: 42. Hafta | KI2: 43. Hafta | KJ2: 43. Hafta | KK2: 43. Hafta | KL2: 43. Hafta | KM2: 43. Hafta | KN2: 43. Hafta | KO2: 43. Hafta | KP2: 44. Hafta | KQ2: 44. Hafta | KR2: 44. Hafta | KS2: 44. Hafta | KT2: 44. Hafta | KU2: 44. Hafta | KV2: 44. Hafta | KW2: 45. Hafta | KX2: 45. Hafta | KY2: 45. Hafta | KZ2: 45. Hafta | LA2: 45. Hafta | LB2: 45. Hafta | LC2: 45. Hafta | LD2: 46. Hafta | LE2: 46. Hafta | LF2: 46. Hafta | LG2: 46. Hafta | LH2: 46. Hafta | LI2: 46. Hafta | LJ2: 46. Hafta | LK2: 47. Hafta | LL2: 47. Hafta | LM2: 47. Hafta | LN2: 47. Hafta | LO2: 47. Hafta | LP2: 47. Hafta | LQ2: 47. Hafta | LR2: 48. Hafta | LS2: 48. Hafta | LT2: 48. Hafta | LU2: 48. Hafta | LV2: 48. Hafta | LW2: 48. Hafta | LX2: 48. Hafta | LY2: 49. Hafta | LZ2: 49. Hafta | MA2: 49. Hafta | MB2: 49. Hafta | MC2: 49. Hafta | MD2: 49. Hafta | ME2: 49. Hafta | MF2: 50. Hafta | MG2: 50. Hafta | MH2: 50. Hafta | MI2: 50. Hafta | MJ2: 50. Hafta | MK2: 50. Hafta | ML2: 50. Hafta | MM2: 51. Hafta | MN2: 51. Hafta | MO2: 51. Hafta | MP2: 51. Hafta | MQ2: 51. Hafta | MR2: 51. Hafta | MS2: 51. Hafta | MT2: 52. Hafta | MU2: 52. Hafta | MV2: 52. Hafta | MW2: 52. Hafta | MX2: 52. Hafta | MY2: 52. Hafta | MZ2: 52. Hafta | NA2: 1. Hafta | NB2: 1. Hafta | NC2: 1. Hafta
A3: =+SUM(C3:NC3) -> 1218157.4 | B3: Gerçekleşen Çalışma Saat | D3: 3621.0173 | E3: 3263.6042 | F3: 2147.1162 | G3: 1772.3832 | H3: 3482.0503 | I3: 2988.405 | J3: 2232.5113 | K3: 2324.7807 | L3: 2604.9691 | M3: 1857.5806 | N3: 1762.3825 | O3: 2897.9511 | P3: 3124.7371 | Q3: 3172.5272 | R3: 3004.832 | S3: 3046.2001 | T3: 2009.1729 | U3: 1714.2858 | V3: 3403.0471 | W3: 3170.3119 | X3: 3114.4103 | Y3: 2729.1409 | Z3: 2989.9247 | AA3: 2017.9015 | AB3: 1791.3086 | AC3: 2813.1901 | AD3: 2602.328 | AE3: 2580.2292 | AF3: 2768.9235 | AG3: 2577.4969 | AH3: 1816.2008 | AI3: 1699.5995 | AJ3: 2496.2047 | AK3: 2612.6239 | AL3: 3133.2093 | AM3: 2917.9614 | AN3: 2913.3351 | AO3: 1647.1134 | AP3: 1537.7302 | AQ3: 2818.9635 | AR3: 3433.2649 | AS3: 3198.2302 | AT3: 3013.3969 | AU3: 2451.597 | AV3: 1320.1256 | AW3: 1518.2244 | AX3: 2956.4051 | AY3: 3099.4948 | AZ3: 2795.2685 | BA3: 2834.4719 | BB3: 2514.4711 | BC3: 849.09767 | BD3: 1064.2261 | BE3: 3218.5962 | BF3: 2987.1307 | BG3: 3000.4212 | BH3: 2571.4574 | BI3: 2527.6985 | BJ3: 1383.5858 | BK3: 727.94642 | BL3: 2827.3836 | BM3: 2754.1657 | BN3: 2622.711 | BO3: 2687.8224 | BP3: 2981.1264 | BQ3: 2635.9182 | BR3: 1481.0789 | BS3: 4318.5125 | BT3: 3884.2038 | BU3: 3771.1459 | BV3: 3926.5707 | BW3: 3583.6738 | BX3: 2535.6515 | BY3: 1406.5878 | BZ3: 4711.1766 | CA3: 5184.5334 | CB3: 4973.5816 | CC3: 5102.7157 | CD3: 5146.0588 | CE3: 4421.6606 | CF3: 4353.2746 | CG3: 5206.6801 | CH3: 5189.9157 | CI3: 4078.3605 | CJ3: 3162.3721 | CK3: 3123.7565 | CL3: 864.57546 | CP3: 2773.5195 | CQ3: 3567.6655 | CR3: 3086.2088 | CS3: 1996.1275 | CT3: 1757.3353 | CU3: 2953.648 | CV3: 2909.223 | CW3: 2717.5718 | CX3: 2919.8758 | CY3: 3067.3273 | CZ3: 1884.2126 | DA3: 1465.3023 | DB3: 3209.8282 | DC3: 3744.7691 | DD3: 3439.6688 | DE3: 3058.7861 | DF3: 3139.4872 | DG3: 1889.341 | DH3: 1894.7135 | DI3: 3630.3949 | DJ3: 3244.4376 | DK3: 647.21665 | DM3: 4316.4698 | DN3: 3877.8795 | DO3: 2879.7034 | DP3: 2893.4928 | DQ3: 2932.1624 | DR3: 3265.5197 | DT3: 3967.7406 | DU3: 2632.7996 | DV3: 1274.0635 | DW3: 3909.6548 | DX3: 4044.3929 | DY3: 4212.1033 | DZ3: 4146.9223 | EA3: 4168.6939 | EB3: 2536.6485 | EC3: 1335.9566 | ED3: 4952.9426 | EE3: 4534.0583 | EF3: 4481.4097 | EG3: 4264.5358 | EH3: 4256.3728 | EI3: 2654.2609 | EJ3: 1408.0914 | EK3: 5248.1184 | EL3: 4808.8674 | EM3: 5203.8508 | EN3: 4824.4803 | EO3: 4392.4814 | EP3: 3864.0777 | EQ3: 1543.4368 | ER3: 5300.9989 | ES3: 5452.1275 | ET3: 5413.7013 | EU3: 5455.3432 | EV3: 5377.8547 | EW3: 5627.0264 | EX3: 4569.9079 | EY3: 4396.4125 | EZ3: 3900.1567 | FA3: 3247.0124 | FB3: 1693.2651 | FG3: 4595.9161 | FH3: 4924.1832 | FI3: 5002.3965 | FJ3: 5163.2043 | FK3: 5361.9679 | FL3: 4727.0668 | FM3: 4640.1993 | FN3: 4674.0557 | FO3: 5022.2713 | FP3: 4358.4884 | FQ3: 3774.0473 | FR3: 2999.6556 | FS3: 1318.25 | FT3: 4764.8018 | FU3: 4346.8766 | FV3: 4539.1126 | FW3: 3817.2788 | FX3: 4767.1011 | FY3: 3428.2705 | FZ3: 1367 | GA3: 4834.3636 | GB3: 4535.2797 | GC3: 3453.9344 | GD3: 3331.1915 | GE3: 3389.9013 | GF3: 2634.1773 | GG3: 1196.1532 | GH3: 3625.329 | GI3: 4241.9478 | GJ3: 4462.9635 | GK3: 3997.8422 | GL3: 3685.8333 | GM3: 2729.0406 | GN3: 1250.6972 | GO3: 3702.334 | GQ3: 4746.5814 | GR3: 4126.465 | GS3: 3734.2108 | GT3: 3227.4743 | GU3: 2139.3263 | GV3: 3056.3905 | GW3: 2929.6807 | GX3: 3101.4652 | GY3: 2908.8047 | GZ3: 2373.1806 | HA3: 1705.4687 | HB3: 1357.1209 | HC3: 3201.9895 | HD3: 3216.5555 | HE3: 3159.9939 | HF3: 2968.6551 | HG3: 2440.5962 | HH3: 1733.244 | HI3: 1322.6879 | HJ3: 2545.3851 | HK3: 2745.6781 | HL3: 2506.0806 | HM3: 2800.5191 | HN3: 2637.181 | HO3: 1595.0226 | HP3: 1215.4343 | HQ3: 2853.0993 | HR3: 2913.6332 | HS3: 2649.4175 | HT3: 2518.6604 | HU3: 2639.9913 | HV3: 1546.0147 | HW3: 1216.1949 | HX3: 2848.8186 | HY3: 2827.277 | HZ3: 2532.8076 | IA3: 2803.0812 | IB3: 2663.9862 | IC3: 2551.9231 | ID3: 2551.3622 | IE3: 2784.8067 | IF3: 2930.3577 | IG3: 3242.534 | IH3: 3499.7861 | II3: 3533.337 | IJ3: 2946.8151 | IK3: 2424.9271 | IL3: 2727.4929 | IM3: 2823.4128 | IN3: 2832.5862 | IO3: 2785.315 | IP3: 2860.5125 | IQ3: 2302.2758 | IR3: 2644.6627 | IS3: 3527.1359 | IT3: 3607.7659 | IU3: 4500.315 | IV3: 4594.3245 | IW3: 3505.1199 | IX3: 2522.9145 | IY3: 1844.6559 | IZ3: 3527.0427 | JA3: 3908.2106 | JB3: 3327.0611 | JC3: 3246.6864 | JD3: 3340.9515 | JE3: 1883.6603 | JF3: 1812.0833 | JG3: 3681.5833 | JH3: 4170.5 | JI3: 4376.0833 | JJ3: 4421.5 | JK3: 3968.523 | JL3: 1929.8333 | JM3: 1846.5833 | JN3: 4461.3333 | JO3: 4649.4167 | JP3: 4379.6696 | JQ3: 4096.9291 | JR3: 3840.8966 | JS3: 1956.7668 | JT3: 1850.9167 | JU3: 3879.8734 | JV3: 3928.1308 | JW3: 4894.2084 | JX3: 4789.11 | JY3: 4826.4486 | JZ3: 3179.2878 | KA3: 1717.5114 | KB3: 5491.7638 | KC3: 5609.4646 | KD3: 6038.4602 | KE3: 6084.0362 | KF3: 5737.423 | KG3: 5513.75 | KH3: 3894 | KI3: 5589.25 | KJ3: 5799.25 | KK3: 6031.1667 | KL3: 5954.5 | KM3: 5734.8333 | KN3: 3728.1667 | KO3: 2947.5 | KP3: 6445.6667 | KQ3: 6124.3333 | KR3: 5672.8265 | KS3: 5181.2847 | KT3: 5676.2181 | KU3: 3139.3048 | KV3: 2225.5 | KW3: 6422.689 | KX3: 6592.8333 | KY3: 5585.0015 | KZ3: 4557.8686 | LA3: 4503.849 | LB3: 2617.4283 | LC3: 2390.1667 | LD3: 4880.6667 | LE3: 4930 | LF3: 4705.8218 | LG3: 4258.377 | LH3: 4354.3691 | LI3: 2696.4167 | LJ3: 2383.75 | LK3: 5015.2249 | LL3: 5274.6228 | LM3: 4464.5187 | LN3: 4635.7811 | LO3: 4513.9645 | LP3: 2653.0731 | LQ3: 2377.5833 | LR3: 4670.0314 | LS3: 4542.225 | LT3: 4491.8873 | LU3: 4897.7435 | LV3: 5252.4243 | LW3: 3248.0092 | LX3: 2178.75 | LY3: 5887.3159 | LZ3: 5808.7309 | MA3: 5041.7018 | MB3: 4768.1476 | MC3: 4775.2428 | MD3: 3103.0578 | ME3: 2061.6499 | MF3: 5276.3753 | MG3: 5706.9825 | MH3: 5424.2606 | MI3: 5047.549 | MJ3: 4388.4036 | MK3: 2867.3889 | ML3: 2114.6667 | MM3: 4165.2853 | MN3: 4292.785 | MO3: 4205.6853 | MP3: 4358.351 | MQ3: 3633.6019 | MR3: 3605.7025 | MS3: 3629.6824 | MT3: 3978.6711 | MU3: 3954.25 | MV3: 3854.8692 | MW3: 3801.8879 | MX3: 3619.1096 | MY3: 2166.2966 | MZ3: 1949.8167 | NA3: 3826.25 | NB3: 3481.7343 | NC3: 2202.1183
A4: =SUM(C4:NC4) -> 43961163 | B4: Gerçekleşen Adet | D4: 110643 | E4: 87275 | F4: 63212 | G4: 52114 | H4: 77341 | I4: 84247 | J4: 48078 | K4: 59064 | L4: 55304 | M4: 62212 | N4: 64795 | O4: 76231 | P4: 71610 | Q4: 90966 | R4: 102665 | S4: 121547 | T4: 66659 | U4: 72913 | V4: 82607 | W4: 112240 | X4: 67455 | Y4: 77349 | Z4: 83403 | AA4: 65075 | AB4: 67819 | AC4: 61208 | AD4: 73830 | AE4: 70622 | AF4: 91810 | AG4: 79330 | AH4: 68062 | AI4: 66284 | AJ4: 63491 | AK4: 94199 | AL4: 101409 | AM4: 119888 | AN4: 121421 | AO4: 63936 | AP4: 72118 | AQ4: 116466 | AR4: 144028 | AS4: 125887 | AT4: 113816 | AU4: 81952 | AV4: 45981 | AW4: 59650 | AX4: 84244 | AY4: 121710 | AZ4: 109208 | BA4: 112908 | BB4: 81941 | BC4: 34554 | BD4: 42709 | BE4: 135248 | BF4: 120267 | BG4: 123095 | BH4: 93960 | BI4: 82351 | BJ4: 64175 | BK4: 24525 | BL4: 117118 | BM4: 109830 | BN4: 124806 | BO4: 133387 | BP4: 113264 | BQ4: 114516 | BR4: 62852 | BS4: 176068 | BT4: 167398 | BU4: 163484 | BV4: 155528 | BW4: 136973 | BX4: 116182 | BY4: 66153 | BZ4: 191236 | CA4: 205049 | CB4: 145045 | CC4: 225363 | CD4: 203259 | CE4: 183680 | CF4: 198523 | CG4: 228130 | CH4: 219831 | CI4: 181071 | CJ4: 120700 | CK4: 90268 | CL4: 33763 | CP4: 143413 | CQ4: 175715 | CR4: 119834 | CS4: 96258 | CT4: 68490 | CU4: 99862 | CV4: 117733 | CW4: 105885 | CX4: 112958 | CY4: 103147 | CZ4: 87374 | DA4: 65035 | DB4: 109830 | DC4: 144542 | DD4: 146665 | DE4: 142916 | DF4: 121675 | DG4: 81243 | DH4: 81171 | DI4: 115167 | DJ4: 126810 | DK4: 32564 | DM4: 121649 | DN4: 156877 | DO4: 133623 | DP4: 102947 | DQ4: 102389 | DR4: 99673 | DT4: 144138 | DU4: 120339 | DV4: 73888 | DW4: 152157 | DX4: 162349 | DY4: 174257 | DZ4: 167085 | EA4: 169871 | EB4: 116153 | EC4: 68892 | ED4: 183537 | EE4: 151468 | EF4: 166949 | EG4: 182637 | EH4: 152672 | EI4: 113339 | EJ4: 67363 | EK4: 159357 | EL4: 192422 | EM4: 181673 | EN4: 200658 | EO4: 174480 | EP4: 120564 | EQ4: 65818 | ER4: 181063 | ES4: 209684 | ET4: 212103 | EU4: 211747 | EV4: 205354 | EW4: 236378 | EX4: 186779 | EY4: 204907 | EZ4: 161060 | FA4: 84621 | FB4: 43095 | FG4: 111470 | FH4: 186181 | FI4: 188427 | FJ4: 184881 | FK4: 205036 | FL4: 191761 | FM4: 188258 | FN4: 186599 | FO4: 175200 | FP4: 179031 | FQ4: 128620 | FR4: 116852 | FS4: 56689 | FT4: 135330 | FU4: 130895 | FV4: 169408 | FW4: 135565 | FX4: 182919 | FY4: 115342 | FZ4: 67947 | GA4: 173654 | GB4: 178754 | GC4: 118938 | GD4: 115261 | GE4: 117441 | GF4: 75693 | GG4: 48596 | GH4: 90150 | GI4: 139724 | GJ4: 167021 | GK4: 146331 | GL4: 128140 | GM4: 110366 | GN4: 55403 | GO4: 94051 | GQ4: 166386 | GR4: 143024 | GS4: 145218 | GT4: 119545 | GU4: 87109 | GV4: 113604 | GW4: 105218 | GX4: 128606 | GY4: 109577 | GZ4: 72392 | HA4: 71596 | HB4: 58561 | HC4: 120816 | HD4: 94496 | HE4: 129259 | HF4: 113090 | HG4: 94472 | HH4: 63962 | HI4: 65009 | HJ4: 81924 | HK4: 111184 | HL4: 88912 | HM4: 93653 | HN4: 89852 | HO4: 59841 | HP4: 63630 | HQ4: 111024 | HR4: 112282 | HS4: 113795 | HT4: 84323 | HU4: 100091 | HV4: 58131 | HW4: 54737 | HX4: 103777 | HY4: 79747 | HZ4: 97383 | IA4: 115745 | IB4: 115727 | IC4: 103268 | ID4: 105953 | IE4: 104098 | IF4: 106824 | IG4: 113974 | IH4: 139680 | II4: 138356 | IJ4: 123752 | IK4: 89376 | IL4: 111120 | IM4: 113341 | IN4: 105405 | IO4: 103891 | IP4: 98088 | IQ4: 101476 | IR4: 99087 | IS4: 120281 | IT4: 120263 | IU4: 165327 | IV4: 171410 | IW4: 129333 | IX4: 97858 | IY4: 57650 | IZ4: 121370 | JA4: 143001 | JB4: 146862 | JC4: 130909 | JD4: 106338 | JE4: 83419 | JF4: 74482 | JG4: 133599 | JH4: 173594 | JI4: 162614 | JJ4: 183167 | JK4: 180184 | JL4: 84488 | JM4: 67238 | JN4: 145944 | JO4: 189656 | JP4: 162989 | JQ4: 168481 | JR4: 137762 | JS4: 84001 | JT4: 72512 | JU4: 149075 | JV4: 164266 | JW4: 173891 | JX4: 177190 | JY4: 179760 | JZ4: 103215 | KA4: 67615 | KB4: 181138 | KC4: 171842 | KD4: 203447 | KE4: 213845 | KF4: 214373 | KG4: 216578 | KH4: 153818 | KI4: 199107 | KJ4: 215894 | KK4: 203954 | KL4: 212985 | KM4: 197455 | KN4: 145735 | KO4: 112433 | KP4: 196571 | KQ4: 202583 | KR4: 211064 | KS4: 174986 | KT4: 156181 | KU4: 99474 | KV4: 84537 | KW4: 158534 | KX4: 194645 | KY4: 188010 | KZ4: 167672 | LA4: 86129 | LB4: 99527 | LC4: 89670 | LD4: 115079 | LE4: 117252 | LF4: 130169 | LG4: 132371 | LH4: 118039 | LI4: 97736 | LJ4: 97473 | LK4: 125909 | LL4: 176181 | LM4: 156073 | LN4: 129627 | LO4: 134785 | LP4: 81720 | LQ4: 75000 | LR4: 111431 | LS4: 145629 | LT4: 159338 | LU4: 161208 | LV4: 143780 | LW4: 87582 | LX4: 82023 | LY4: 173818 | LZ4: 167365 | MA4: 175196 | MB4: 155446 | MC4: 159897 | MD4: 96131 | ME4: 71848 | MF4: 162076 | MG4: 188867 | MH4: 196941 | MI4: 191777 | MJ4: 160227 | MK4: 111542 | ML4: 84103 | MM4: 127258 | MN4: 130803 | MO4: 137569 | MP4: 135661 | MQ4: 133999 | MR4: 128412 | MS4: 132062 | MT4: 128960 | MU4: 129343 | MV4: 136976 | MW4: 142075 | MX4: 124170 | MY4: 89809 | MZ4: 81836 | NA4: 136048 | NB4: 138162 | NC4: 94243
A5: =+A4/A3 -> 36.088244 | B5: Gerçekleşen Verimlilik | D5: =+D4/D3 -> 30.555778 | E5: =+E4/E3 -> 26.741907 | F5: =+F4/F3 -> 29.440418 | G5: =+G4/G3 -> 29.403348 | H5: =+H4/H3 -> 22.211339 | I5: =+I4/I3 -> 28.191293 | J5: =+J4/J3 -> 21.53539 | K5: =+K4/K3 -> 25.406267 | ... CL5: =+CL4/CL3 -> 39.051536 | CP5: =+CP4/CP3 -> 51.707947 | CQ5: =+CQ4/CQ3 -> 49.252095 | CR5: =+CR4/CR3 -> 38.828869 | CS5: =+CS4/CS3 -> 48.222371 | CT5: =+CT4/CT3 -> 38.973781 | CU5: =+CU4/CU3 -> 33.809716 | CV5: =+CV4/CV3 -> 40.468881 | CW5: =+CW4/CW3 -> 38.963092 | ... DK5: =+DK4/DK3 -> 50.31391 | DM5: =+DM4/DM3 -> 28.182521 | DN5: =+DN4/DN3 -> 40.454325 | DO5: =+DO4/DO3 -> 46.401654 | DP5: =+DP4/DP3 -> 35.578799 | DQ5: =+DQ4/DQ3 -> 34.919281 | DR5: =+DR4/DR3 -> 30.52286 | DT5: =+DT4/DT3 -> 36.327475 | DU5: =+DU4/DU3 -> 45.707619 | DV5: =+DV4/DV3 -> 57.993971 | DW5: =+DW4/DW3 -> 38.91827 | DX5: =+DX4/DX3 -> 40.141748 | DY5: =+DY4/DY3 -> 41.370543 | DZ5: =+DZ4/DZ3 -> 40.291327 | EA5: =+EA4/EA3 -> 40.749214 | ... FB5: =+FB4/FB3 -> 25.450829 | FG5: =+FG4/FG3 -> 24.254142 | FH5: =+FH4/FH3 -> 37.809519 | FI5: =+FI4/FI3 -> 37.667346 | FJ5: =+FJ4/FJ3 -> 35.807415 | FK5: =+FK4/FK3 -> 38.238946 | FL5: =+FL4/FL3 -> 40.566594 | FM5: =+FM4/FM3 -> 40.571103 | FN5: =+FN4/FN3 -> 39.922288 | ... GO5: =+GO4/GO3 -> 25.403165 | GQ5: =+GQ4/GQ3 -> 35.05386 | GR5: =+GR4/GR3 -> 34.660175 | GS5: =+GS4/GS3 -> 38.888538 | GT5: =+GT4/GT3 -> 37.039799 | GU5: =+GU4/GU3 -> 40.717958 | GV5: =+GV4/GV3 -> 37.169334 | GW5: =+GW4/GW3 -> 35.914494 | GX5: =+GX4/GX3 -> 41.466208 | ... NC5: =+NC4/NC3 -> 42.79652
A7: Toplam | B7: Tarih | C7: 46023 | D7: =+C7+1 -> 46024 | E7: =+D7+1 -> 46025 | F7: =+E7+1 -> 46026 | G7: =+F7+1 -> 46027 | H7: =+G7+1 -> 46028 | I7: =+H7+1 -> 46029 | J7: =+I7+1 -> 46030 | K7: =+J7+1 -> 46031 | ... NC7: =+NB7+1 -> 46387
B8: Hafta | C8: 1. Hafta | D8: 1. Hafta | E8: 1. Hafta | F8: 1. Hafta | G8: 2. Hafta | H8: 2. Hafta | I8: 2. Hafta | J8: 2. Hafta | K8: 2. Hafta | L8: 2. Hafta | M8: 2. Hafta | N8: 3. Hafta | O8: 3. Hafta | P8: 3. Hafta | Q8: 3. Hafta | R8: 3. Hafta | S8: 3. Hafta | T8: 3. Hafta | U8: 4. Hafta | V8: 4. Hafta | W8: 4. Hafta | X8: 4. Hafta | Y8: 4. Hafta | Z8: 4. Hafta | AA8: 4. Hafta | AB8: 5. Hafta | AC8: 5. Hafta | AD8: 5. Hafta | AE8: 5. Hafta | AF8: 5. Hafta | AG8: 5. Hafta | AH8: 5. Hafta | AI8: 6. Hafta | AJ8: 6. Hafta | AK8: 6. Hafta | AL8: 6. Hafta | AM8: 6. Hafta | AN8: 6. Hafta | AO8: 6. Hafta | AP8: 7. Hafta | AQ8: 7. Hafta | AR8: 7. Hafta | AS8: 7. Hafta | AT8: 7. Hafta | AU8: 7. Hafta | AV8: 7. Hafta | AW8: 8. Hafta | AX8: 8. Hafta | AY8: 8. Hafta | AZ8: 8. Hafta | BA8: 8. Hafta | BB8: 8. Hafta | BC8: 8. Hafta | BD8: 9. Hafta | BE8: 9. Hafta | BF8: 9. Hafta | BG8: 9. Hafta | BH8: 9. Hafta | BI8: 9. Hafta | BJ8: 9. Hafta | BK8: 10. Hafta | BL8: 10. Hafta | BM8: 10. Hafta | BN8: 10. Hafta | BO8: 10. Hafta | BP8: 10. Hafta | BQ8: 10. Hafta | BR8: 11. Hafta | BS8: 11. Hafta | BT8: 11. Hafta | BU8: 11. Hafta | BV8: 11. Hafta | BW8: 11. Hafta | BX8: 11. Hafta | BY8: 12. Hafta | BZ8: 12. Hafta | CA8: 12. Hafta | CB8: 12. Hafta | CC8: 12. Hafta | CD8: 12. Hafta | CE8: 12. Hafta | CF8: 13. Hafta | CG8: 13. Hafta | CH8: 13. Hafta | CI8: 13. Hafta | CJ8: 13. Hafta | CK8: 13. Hafta | CL8: 13. Hafta | CM8: 14. Hafta | CN8: 14. Hafta | CO8: 14. Hafta | CP8: 14. Hafta | CQ8: 14. Hafta | CR8: 14. Hafta | CS8: 14. Hafta | CT8: 15. Hafta | CU8: 15. Hafta | CV8: 15. Hafta | CW8: 15. Hafta | CX8: 15. Hafta | CY8: 15. Hafta | CZ8: 15. Hafta | DA8: 16. Hafta | DB8: 16. Hafta | DC8: 16. Hafta | DD8: 16. Hafta | DE8: 16. Hafta | DF8: 16. Hafta | DG8: 16. Hafta | DH8: 17. Hafta | DI8: 17. Hafta | DJ8: 17. Hafta | DK8: 17. Hafta | DL8: 17. Hafta | DM8: 17. Hafta | DN8: 17. Hafta | DO8: 18. Hafta | DP8: 18. Hafta | DQ8: 18. Hafta | DR8: 18. Hafta | DS8: 18. Hafta | DT8: 18. Hafta | DU8: 18. Hafta | DV8: 19. Hafta | DW8: 19. Hafta | DX8: 19. Hafta | DY8: 19. Hafta | DZ8: 19. Hafta | EA8: 19. Hafta | EB8: 19. Hafta | EC8: 20. Hafta | ED8: 20. Hafta | EE8: 20. Hafta | EF8: 20. Hafta | EG8: 20. Hafta | EH8: 20. Hafta | EI8: 20. Hafta | EJ8: 21. Hafta | EK8: 21. Hafta | EL8: 21. Hafta | EM8: 21. Hafta | EN8: 21. Hafta | EO8: 21. Hafta | EP8: 21. Hafta | EQ8: 22. Hafta | ER8: 22. Hafta | ES8: 22. Hafta | ET8: 22. Hafta | EU8: 22. Hafta | EV8: 22. Hafta | EW8: 22. Hafta | EX8: 23. Hafta | EY8: 23. Hafta | EZ8: 23. Hafta | FA8: 23. Hafta | FB8: 23. Hafta | FC8: 23. Hafta | FD8: 23. Hafta | FE8: 24. Hafta | FF8: 24. Hafta | FG8: 24. Hafta | FH8: 24. Hafta | FI8: 24. Hafta | FJ8: 24. Hafta | FK8: 24. Hafta | FL8: 25. Hafta | FM8: 25. Hafta | FN8: 25. Hafta | FO8: 25. Hafta | FP8: 25. Hafta | FQ8: 25. Hafta | FR8: 25. Hafta | FS8: 26. Hafta | FT8: 26. Hafta | FU8: 26. Hafta | FV8: 26. Hafta | FW8: 26. Hafta | FX8: 26. Hafta | FY8: 26. Hafta | FZ8: 27. Hafta | GA8: 27. Hafta | GB8: 27. Hafta | GC8: 27. Hafta | GD8: 27. Hafta | GE8: 27. Hafta | GF8: 27. Hafta | GG8: 28. Hafta | GH8: 28. Hafta | GI8: 28. Hafta | GJ8: 28. Hafta | GK8: 28. Hafta | GL8: 28. Hafta | GM8: 28. Hafta | GN8: 29. Hafta | GO8: 29. Hafta | GP8: 29. Hafta | GQ8: 29. Hafta | GR8: 29. Hafta | GS8: 29. Hafta | GT8: 29. Hafta | GU8: 30. Hafta | GV8: 30. Hafta | GW8: 30. Hafta | GX8: 30. Hafta | GY8: 30. Hafta | GZ8: 30. Hafta | HA8: 30. Hafta | HB8: 31. Hafta | HC8: 31. Hafta | HD8: 31. Hafta | HE8: 31. Hafta | HF8: 31. Hafta | HG8: 31. Hafta | HH8: 31. Hafta | HI8: 32. Hafta | HJ8: 32. Hafta | HK8: 32. Hafta | HL8: 32. Hafta | HM8: 32. Hafta | HN8: 32. Hafta | HO8: 32. Hafta | HP8: 33. Hafta | HQ8: 33. Hafta | HR8: 33. Hafta | HS8: 33. Hafta | HT8: 33. Hafta | HU8: 33. Hafta | HV8: 33. Hafta | HW8: 34. Hafta | HX8: 34. Hafta | HY8: 34. Hafta | HZ8: 34. Hafta | IA8: 34. Hafta | IB8: 34. Hafta | IC8: 34. Hafta
A9: =+SUM(C9:NC9) -> 852045.12 | B9: Gerçekleşen Çalışma Saat | D9: 3441.3184 | E9: 3569.9333 | G9: 3979.5589 | H9: 4211.9802 | I9: 3927.7254 | J9: 3688.7481 | K9: 3785.4502 | L9: 3390.504 | M9: 0 | N9: 3994.0449 | O9: 4176.8138 | P9: 3613.8608 | Q9: 4025.0435 | R9: 4074.1878 | S9: 4038.1995 | U9: 3709.6667 | V9: 3951.8837 | W9: 3814.4113 | X9: 3700.9828 | Y9: 3567.61 | Z9: 3871.4167 | AB9: 3830.1565 | AC9: 3908.5407 | AD9: 3474.3603 | AE9: 3755.3859 | AF9: 3845.4583 | AG9: 3867.6667 | AI9: 4150.0232 | AJ9: 3817.9783 | AK9: 3522.5884 | AL9: 3560.8372 | AM9: 4067.3333 | AN9: 3770.3333 | AP9: 3850.7685 | AQ9: 3931.2872 | AR9: 3654.1931 | AS9: 3782.9134 | AT9: 4095.6667 | AU9: 3879.3333 | AW9: 4073.4167 | AX9: 3998.4912 | AY9: 3626.3745 | AZ9: 3863.0284 | BA9: 3934.25 | BB9: 4040.3333 | BD9: 3980.5461 | BE9: 3937.2627 | BF9: 4006.5906 | BG9: 3674.0649 | BH9: 4219.8319 | BI9: 4001.7742 | BK9: 5709.9167 | BL9: 5618.75 | BM9: 4850.3333 | BN9: 4671.75 | BO9: 4427.6711 | BP9: 4986.002 | BR9: 5717.5667 | BS9: 5903.2578 | BT9: 5997.6842 | BU9: 5811.4779 | BV9: 5880 | BW9: 5520.4167 | BX9: 4250.25 | BY9: 5287.1667 | BZ9: 4290.6667 | CA9: 4149.4167 | CB9: 1315 | CF9: 4476.9167 | CG9: 4569.25 | CH9: 4488.1789 | CI9: 3670.2919 | CJ9: 3870.7189 | CK9: 3838.1785 | CM9: 4098.75 | CN9: 4021.0833 | CO9: 3859.6599 | CP9: 3967.6144 | CQ9: 4136.5833 | CR9: 3467.6667 | CT9: 4392.75 | CU9: 4303.3333 | CV9: 4470.25 | CW9: 4571.0833 | CX9: 4209.4681 | CY9: 3830.5469 | DA9: 4031.5833 | DB9: 4157 | DC9: 3984.25 | DD9: 3986.25 | DE9: 3979.698 | DF9: 3686.3947 | DG9: 2873.7762 | DH9: 3739.6477 | DI9: 3675.03 | DJ9: 3930.1383 | DK9: 3503.2634 | DL9: 3689.9744 | DM9: 3633.4995 | DO9: 3771.75 | DP9: 3969.3608 | DQ9: 3948.1706 | DR9: 3895.9167 | DT9: 3838.4167 | DU9: 3527.3333 | DV9: 3743.9103 | DW9: 4383.907 | DX9: 4319.4185 | DY9: 4116.5675 | DZ9: 4235.1525 | EA9: 3491.3554 | EC9: 4879.9467 | ED9: 4946.8302 | EE9: 5029.875 | EF9: 5220.0012 | EG9: 5187.4467 | EH9: 5200.8029 | EI9: 5229.1667 | EJ9: 5360.9371 | EK9: 5001.4047 | EL9: 5433.7115 | EM9: 5128.1394 | EN9: 4831.2986 | EO9: 4755.7936 | EQ9: 4302 | ER9: 1374.25 | EV9: 4077.3774 | EX9: 4220.5535 | EY9: 4689.3131 | EZ9: 4489.7118 | FA9: 4289.0213 | FB9: 4431.0854 | FC9: 4094.7683 | FE9: 4337.9172 | FF9: 4448.5868 | FG9: 4556.3841 | FH9: 4719.0192 | FI9: 5085.807 | FJ9: 4554.3254 | FK9: 3474.3616 | FL9: 4436.6108 | FM9: 4559.8631 | FN9: 4248.1619 | FO9: 4010.5376 | FP9: 4042.0021 | FQ9: 3492.0309 | FS9: 4182.8613 | FT9: 4398.1799 | FU9: 4350.6097 | FV9: 4373.2372 | FW9: 4289.2606 | FX9: 4049.3084 | FY9: 3190.8164 | FZ9: 4089.8223 | GA9: 4001.6213 | GB9: 4187.7131 | GC9: 4410.4737 | GD9: 4088.1478 | GE9: 3892.5608 | GG9: 3990.7084 | GH9: 4520.2292 | GI9: 4267.4727 | GJ9: 4279.3002 | GK9: 3996.6697 | GL9: 3880.2921 | GM9: 3522.5243 | GN9: 3721.1983 | GO9: 3486.7769 | GP9: 3687.0791 | GQ9: 3932.3333 | GR9: 3859.5419 | GS9: 3536.8333 | GU9: 3839.2306 | GV9: 4075.5833 | GW9: 3981.2323 | GX9: 3852.415 | GY9: 4170.3333 | GZ9: 3876.9167 | HA9: 3248.8333 | HB9: 3986.3333 | HC9: 4195.5 | HD9: 4133.6667 | HE9: 4335.8333 | HF9: 4404 | HG9: 4249.6667 | HI9: 4163.1667 | HJ9: 4161.5833 | HK9: 4165.9993 | HL9: 4124.1253 | HM9: 4067.0077 | HN9: 4041 | HO9: 3121.5 | HP9: 4141.8326 | HQ9: 4434.9477 | HR9: 4665.9243 | HS9: 5142.4686 | HT9: 5398.6947 | HU9: 5061.1667 | HW9: 5123.3928 | HX9: 4827.8377 | HY9: 4989.2024 | HZ9: 5109.2294 | IA9: 4982.7756 | IB9: 4641.2858 | IC9: 3612.2733
A10: =+SUM(C10:NC10) -> 30815775 | B10: Gerçekleşen Adet | D10: 126338 | E10: 136579 | G10: 134660 | H10: 146987 | I10: 165013 | J10: 145474 | K10: 123444 | L10: 128716 | M10: 0 | N10: 145114 | O10: 136417 | P10: 138323 | Q10: 129506 | R10: 116556 | S10: 109079 | U10: 128127 | V10: 131650 | W10: 126899 | X10: 122939 | Y10: 129787 | Z10: 133307 | AB10: 128220 | AC10: 144881 | AD10: 142720 | AE10: 122213 | AF10: 102208 | AG10: 97072 | AI10: 123248 | AJ10: 129340 | AK10: 89207 | AL10: 128014 | AM10: 109075 | AN10: 77314 | AP10: 131983 | AQ10: 128613 | AR10: 105712 | AS10: 96969 | AT10: 102963 | AU10: 98509 | AW10: 124046 | AX10: 126422 | AY10: 113553 | AZ10: 113413 | BA10: 138303 | BB10: 135570 | BD10: 138647 | BE10: 154719 | BF10: 158509 | BG10: 143141 | BH10: 151036 | BI10: 135208 | BK10: 170506 | BL10: 200581 | BM10: 187064 | BN10: 171305 | BO10: 154974 | BP10: 188394 | BR10: 196380 | BS10: 219045 | BT10: 227633 | BU10: 237710 | BV10: 236877 | BW10: 226868 | BX10: 161107 | BY10: 196826 | BZ10: 183886 | CA10: 129772 | CB10: 23290 | CF10: 140064 | CG10: 194351 | CH10: 197964 | CI10: 138247 | CJ10: 135013 | CK10: 133077 | CM10: 137391 | CN10: 150863 | CO10: 143333 | CP10: 157309 | CQ10: 156080 | CR10: 126619 | CT10: 141815 | CU10: 142688 | CV10: 173757 | CW10: 180019 | CX10: 159246 | CY10: 146791 | DA10: 134647 | DB10: 144859 | DC10: 158487 | DD10: 159831 | DE10: 158145 | DF10: 153334 | DG10: 107656 | DH10: 139615 | DI10: 145580 | DJ10: 154288 | DK10: 147698 | DL10: 133049 | DM10: 109755 | DO10: 136379 | DP10: 152181 | DQ10: 162660 | DR10: 163354 | DT10: 157855 | DU10: 161947 | DV10: 146182 | DW10: 165603 | DX10: 180723 | DY10: 185592 | DZ10: 153229 | EA10: 166271 | EC10: 177151 | ED10: 196332 | EE10: 203689 | EF10: 210230 | EG10: 185868 | EH10: 212415 | EI10: 227177 | EJ10: 213725 | EK10: 207388 | EL10: 205963 | EM10: 220286 | EN10: 215676 | EO10: 226799 | EQ10: 161649 | ER10: 50260 | EV10: 147491 | EX10: 163807 | EY10: 189558 | EZ10: 181480 | FA10: 171953 | FB10: 169528 | FC10: 171310 | FE10: 169567 | FF10: 161239 | FG10: 186071 | FH10: 194634 | FI10: 177235 | FJ10: 192614 | FK10: 160504 | FL10: 160278 | FM10: 167328 | FN10: 170370 | FO10: 171855 | FP10: 167235 | FQ10: 155802 | FS10: 147270 | FT10: 175624 | FU10: 161952 | FV10: 170065 | FW10: 155375 | FX10: 165915 | FY10: 150943 | FZ10: 161920 | GA10: 160346 | GB10: 164358 | GC10: 154137 | GD10: 122431 | GE10: 131026 | GG10: 128502 | GH10: 164771 | GI10: 105998 | GJ10: 123532 | GK10: 140487 | GL10: 140584 | GM10: 128818 | GN10: 127216 | GO10: 118359 | GP10: 142055 | GQ10: 143815 | GR10: 126686 | GS10: 131045 | GU10: 118754 | GV10: 133648 | GW10: 147108 | GX10: 136204 | GY10: 140157 | GZ10: 144687 | HA10: 118866 | HB10: 136140 | HC10: 129830 | HD10: 146201 | HE10: 136909 | HF10: 139121 | HG10: 131146 | HI10: 134306 | HJ10: 124051 | HK10: 149622 | HL10: 148576 | HM10: 131206 | HN10: 149623 | HO10: 120912 | HP10: 134438 | HQ10: 135871 | HR10: 140955 | HS10: 178642 | HT10: 157443 | HU10: 159734 | HW10: 166668 | HX10: 164161 | HY10: 156694 | HZ10: 140170 | IA10: 172935 | IB10: 173854 | IC10: 137938
A11: =+A10/A9 -> 36.166835 | B11: Gerçekleşen Verimlilik | D11: =+IFERROR(D10/D9,"") -> 36.712093 | E11: =+IFERROR(E10/E9,"") -> 38.258137 | G11: =+IFERROR(G10/G9,"") -> 33.837921 | H11: =+IFERROR(H10/H9,"") -> 34.897363 | I11: =+IFERROR(I10/I9,"") -> 42.012357 | J11: =+IFERROR(J10/J9,"") -> 39.437228 | K11: =+IFERROR(K10/K9,"") -> 32.610124 | L11: =+IFERROR(L10/L9,"") -> 37.963678 | M11: =+IFERROR(M10/M9,"") | N11: =+IFERROR(N10/N9,"") -> 36.332591 | ... ER11: =+IFERROR(ER10/ER9,"") -> 36.572676 | EV11: =+IFERROR(EV10/EV9,"") -> 36.173006 | EW11: =+IFERROR(EW10/EW9,"") | EX11: =+IFERROR(EX10/EX9,"") -> 38.811734 | EY11: =+IFERROR(EY10/EY9,"") -> 40.423405 | EZ11: =+IFERROR(EZ10/EZ9,"") -> 40.421302 | FA11: =+IFERROR(FA10/FA9,"") -> 40.09143 | FB11: =+IFERROR(FB10/FB9,"") -> 38.258798 | FC11: =+IFERROR(FC10/FC9,"") -> 41.836311 | ... IC11: =+IFERROR(IC10/IC9,"") -> 38.185926
HW15: 23027.854 | HX15: =+SUM(HY16:HY21)-1052 -> 21975.854 | HY15: 4382.8928 | HZ15: =1052+71 -> 1123
HW16: =+SUM(HW10:IC10) -> 1112420 | HX16: =+SUM(HW10:IC10)-44617 -> 1067803 | HY16: 4010.8377 | HZ16: 44617
HW17: =+HW16/HW15 -> 48.307584 | HX17: =+HX16/HX15 -> 48.589829 | HY17: 4077.369 | HZ17: =+HZ16/HZ15 -> 39.730187
HY18: 4098.4794 | IC18: Müşteri Çıkış Verimlilik(Toplama-Sorter-Kargo) | ID18: Crossborder(Toplama-Sorter-Kargo)
HW19: =+HW17/HX17-1 -> -0.0058087293 | HY19: 4066.7756 | IB19: Verimlilik | IC19: 48.589829 | ID19: 42.411597
HY20: 3737.2858
HY21: 3037.1066
IB23: 791 | IC23: 13553 | ID23: 9386 | IE23: 8696 | IF23: 6991 | IG23: 3194 | IH23: 2006
IB24: =+IB23/625 -> 1.2656 | IC24: =+IC23/625 -> 21.6848 | ID24: =+ID23/625 -> 15.0176 | IE24: =+IE23/625 -> 13.9136 | IF24: =+IF23/625 -> 11.1856 | IG24: =+IG23/625 -> 5.1104 | IH24: =+IH23/625 -> 3.2096

Sheet Çalışma saatleri
A1: Tarih | B1: Adres Denetim | C1: Adresleme | D1: Ekipman-Ürün Kabul | E1: İade Kabul | F1: Kargo | G1: Ofis | H1: Sipariş Takip | I1: Sorter | J1: Tekli-Eksik Sevk | K1: Toplama | L1: Vas | M1: TL-ODP | N1: Transfer-İade Saat | O1: Toplam Genel Verimlilik | P1: Genel Verimlilik Müşteri Çıkış | Q1: Sorter Müşteri çıkış saat | R1: Toplama Müşteri Saat | S1: Tekli | T1: Tekli Eksik Sevk Çıkış | U1: Eksik Sevk Adet | V1: Genel çıkış sorter müşteri siparişleri | W1: Sorter çıkış | X1: Genel Verimlilik Adet | Y1: Müşteri Çıkış Adet | Z1: Toplama-İade-Transfer Adet | AA1: Crossborder | AB1: Sorter İade Transfer Adet | AC1: Toplama Adet | AD1: Sorter Adet | AE1: Transfer İade Toplama Oran | AF1: Transfer İade çıkış Oran | AG1: Toplama Saat | AH1: Sorter Saat | AM1: İade -transfer süre | AN1: Müşteri toplama süre | AP1: İade-transfer okutma süre | AQ1: Müşteri sevk okutma
A2: 45658 | C2: 0 | D2: 0 | E2: 0 | F2: 0 | H2: 0 | I2: 0 | J2: 0 | K2: 0 | L2: 0 | M2: 0 | N2: =+AH2+AG2 -> 0 | O2: =+B2+C2+D2+F2+I2+K2+J2 -> 0 | P2: =+B2+C2+D2+F2+J2+Q2+R2 -> 0 | Q2: =+I2-AH2 -> 0 | R2: =+K2-AG2 -> 0 | W2: =+V2-U2-S2+AA2 -> 0 | X2: =+V2+AB2+AA2 -> 0 | Z2: 0 | AB2: 0 | AC2: 0 | AD2: 0 | AE2: =+(Z2/AC2*0.92) -> #DIV/0! | AM2: 18.57 | AN2: 19.56 | AO2: =+AM2/AN2-1 -> -0.050613497 | AP2: 13.76 | AQ2: 22.95 | AR2: =+AP2/AQ2-1 -> -0.40043573
A3: 45659 | B3: 142.5 | C3: 564 | D3: 96.583333 | E3: 452.91667 | F3: 283.08333 | G3: 136 | H3: 56.5 | I3: 1470.0833 | J3: 157.5 | K3: 956.16667 | L3: 199.5 | M3: 292 | N3: =+AH3+AG3 -> 39.228299 | O3: =+B3+C3+D3+F3+I3+K3+J3 -> 3669.9167 | P3: =+B3+C3+D3+F3+J3+Q3+R3 -> 3630.6884 | Q3: =+I3-AH3 -> 1456.2188 | R3: =+K3-AG3 -> 930.80289 | T3: 11493 | V3: 110643 | W3: =+V3-U3-S3+AA3 -> 110643 | X3: =+V3+AB3+AA3 -> 112272 | Z3: 3418 | AB3: 1629 | AC3: 118544 | AD3: 112272 | AE3: =+(Z3/AC3*0.92) -> 0.026526522 | AF3: =+(AB3/AD3*0.65) -> 0.0094311137 | AG3: =+AE3*K3 -> 25.363776 | AH3: =+AF3*I3 -> 13.864523
A4: 45660 | B4: 147.08333 | C4: 547.5 | D4: 97.5 | E4: 430.5 | F4: 302.83333 | G4: 144 | H4: 54.166667 | I4: 1438.6667 | J4: 165 | K4: 921.5 | L4: 193.5 | M4: 291.83333 | N4: =+AH4+AG4 -> 276.60701 | O4: =+B4+C4+D4+F4+I4+K4+J4 -> 3620.0833 | P4: =+B4+C4+D4+F4+J4+Q4+R4 -> 3343.4763 | Q4: =+I4-AH4 -> 1315.0373 | R4: =+K4-AG4 -> 768.52239 | T4: 12343 | V4: 87275 | W4: =+V4-U4-S4+AA4 -> 87275 | X4: =+V4+AB4+AA4 -> 100571 | Z4: 18193 | AB4: 13296 | AC4: 100823 | AD4: 100571 | AE4: =+(Z4/AC4*0.92) -> 0.16600934 | AF4: =+(AB4/AD4*0.65) -> 0.085933321 | AG4: =+AE4*K4 -> 152.97761 | AH4: =+AF4*I4 -> 123.6294
A5: 45661 | B5: 135 | C5: 412.58333 | D5: 52.5 | E5: 334.5 | F5: 201.41667 | G5: 0 | H5: 7.5 | I5: 832.08333 | J5: 81.583333 | K5: 486.41667 | L5: 150 | M5: 166.5 | N5: =+AH5+AG5 -> 46.366691 | O5: =+B5+C5+D5+F5+I5+K5+J5 -> 2201.5833 | P5: =+B5+C5+D5+F5+J5+Q5+R5 -> 2155.2166 | Q5: =+I5-AH5 -> 823.07232 | R5: =+K5-AG5 -> 449.06099 | T5: 6772 | V5: 63212 | W5: =+V5-U5-S5+AA5 -> 63212 | X5: =+V5+AB5+AA5 -> 64283 | Z5: 4640 | AB5: 1071 | AC5: 55585 | AD5: 64283 | AE5: =+(Z5/AC5*0.92) -> 0.076797697 | AF5: =+(AB5/AD5*0.65) -> 0.010829457 | AG5: =+AE5*K5 -> 37.35568 | AH5: =+AF5*I5 -> 9.0110109
A6: 45662 | C6: 244.41667 | D6: 36.75 | E6: 0 | F6: 150.41667 | G6: 0 | H6: 15 | I6: 743.75 | J6: 81.833333 | K6: 537.25 | L6: 0 | M6: 111.5 | N6: =+AH6+AG6 -> 14.32174 | O6: =+B6+C6+D6+F6+I6+K6+J6 -> 1794.4167 | P6: =+B6+C6+D6+F6+J6+Q6+R6 -> 1780.0949 | Q6: =+I6-AH6 -> 729.42826 | R6: =+K6-AG6 -> 537.25 | T6: 5725 | V6: 52114 | W6: =+V6-U6-S6+AA6 -> 52114 | X6: =+V6+AB6+AA6 -> 53705 | Z6: 0 | AB6: 1591 | AC6: 52974 | AD6: 53705 | AE6: =+(Z6/AC6*0.92) -> 0 | AF6: =+(AB6/AD6*0.65) -> 0.019256121 | AG6: =+AE6*K6 -> 0 | AH6: =+AF6*I6 -> 14.32174
A7: 45663 | B7: 157.5 | C7: 563.16667 | D7: 82.5 | E7: 424 | F7: 279.25 | G7: 124.83333 | H7: 47.083333 | I7: 1308.8333 | J7: 148.25 | K7: 979.16667 | L7: 198.5 | M7: 289.75 | N7: =+AH7+AG7 -> 26.814272 | O7: =+B7+C7+D7+F7+I7+K7+J7 -> 3518.6667 | P7: =+B7+C7+D7+F7+J7+Q7+R7 -> 3491.8524 | Q7: =+I7-AH7 -> 1292.2877 | R7: =+K7-AG7 -> 968.89804 | T7: 10763 | V7: 77341 | W7: =+V7-U7-S7+AA7 -> 77341 | X7: =+V7+AB7+AA7 -> 78875 | Z7: 1226 | AB7: 1534 | AC7: 107553 | AD7: 78875 | AE7: =+(Z7/AC7*0.92) -> 0.010487109 | AF7: =+(AB7/AD7*0.65) -> 0.012641521 | AG7: =+AE7*K7 -> 10.268627 | AH7: =+AF7*I7 -> 16.545645
A8: 45664 | B8: 260 | C8: 460.16667 | D8: 82.5 | E8: 656.5 | F8: 301 | G8: 127.5 | H8: 49 | I8: 1312.8333 | J8: 120 | K8: 826.66667 | L8: 191 | M8: 316 | N8: =+AH8+AG8 -> 203.50211 | O8: =+B8+C8+D8+F8+I8+K8+J8 -> 3363.1667 | P8: =+B8+C8+D8+F8+J8+Q8+R8 -> 3159.6646 | Q8: =+I8-AH8 -> 1296.0811 | R8: =+K8-AG8 -> 639.9168 | T8: 6612 | V8: 84247 | W8: =+V8-U8-S8+AA8 -> 84247 | X8: =+V8+AB8+AA8 -> 85934 | Z8: 21112 | AB8: 1687 | AC8: 85978 | AD8: 85934 | AE8: =+(Z8/AC8*0.92) -> 0.22590709 | AF8: =+(AB8/AD8*0.65) -> 0.012760374 | AG8: =+AE8*K8 -> 186.74986 | AH8: =+AF8*I8 -> 16.752245
A9: 45665 | B9: 225 | C9: 481.25 | D9: 82.5 | E9: 680.16667 | F9: 214.75 | G9: 139.75 | H9: 56.5 | I9: 1330 | J9: 38.166667 | K9: 1009.1667 | L9: 174.91667 | M9: 312.5 | N9: =+AH9+AG9 -> 782.96737 | O9: =+B9+C9+D9+F9+I9+K9+J9 -> 3380.8333 | P9: =+B9+C9+D9+F9+J9+Q9+R9 -> 2597.866 | Q9: =+I9-AH9 -> 887.54518 | R9: =+K9-AG9 -> 668.65412 | T9: 3309 | V9: 48078 | W9: =+V9-U9-S9+AA9 -> 48078 | X9: =+V9+AB9+AA9 -> 98481 | Z9: 76983 | AB9: 50403 | AC9: 209900 | AD9: 98481 | AE9: =+(Z9/AC9*0.92) -> 0.33741953 | AF9: =+(AB9/AD9*0.65) -> 0.3326728 | AG9: =+AE9*K9 -> 340.51255 | AH9: =+AF9*I9 -> 442.45482
A10: 45666 | B10: 260 | C10: 375.33333 | D10: 88.583333 | E10: 636.25 | F10: 196 | G10: 144.5 | H10: 47.583333 | I10: 1395.25 | J10: 60 | K10: 1028.9167 | L10: 164.25 | M10: 312.41667 | N10: =+AH10+AG10 -> 704.11523 | O10: =+B10+C10+D10+F10+I10+K10+J10 -> 3404.0833 | P10: =+B10+C10+D10+F10+J10+Q10+R10 -> 2699.9681 | Q10: =+I10-AH10 -> 976.73861 | R10: =+K10-AG10 -> 743.31283 | T10: 5821 | V10: 59064 | W10: =+V10-U10-S10+AA10 -> 59064 | X10: =+V10+AB10+AA10 -> 109676 | Z10: 44244 | AB10: 50612 | AC10: 146642 | AD10: 109676 | AE10: =+(Z10/AC10*0.92) -> 0.27757723 | AF10: =+(AB10/AD10*0.65) -> 0.29995441 | AG10: =+AE10*K10 -> 285.60384 | AH10: =+AF10*I10 -> 418.51139
A11: 45667 | B11: 247 | C11: 636.16667 | D11: 90 | E11: 543.33333 | F11: 219.75 | G11: 135 | H11: 56.5 | I11: 1256.1667 | J11: 82.5 | K11: 812 | L11: 179.58333 | M11: 318.5 | N11: =+AH11+AG11 -> 429.52992 | O11: =+B11+C11+D11+F11+I11+K11+J11 -> 3343.5833 | P11: =+B11+C11+D11+F11+J11+Q11+R11 -> 2914.0534 | Q11: =+I11-AH11 -> 902.38571 | R11: =+K11-AG11 -> 736.25103 | T11: 6987 | V11: 55304 | W11: =+V11-U11-S11+AA11 -> 55304 | X11: =+V11+AB11+AA11 -> 97587 | Z11: 6698 | AB11: 42283 | AC11: 66056 | AD11: 97587 | AE11: =+(Z11/AC11*0.92) -> 0.093286908 | AF11: =+(AB11/AD11*0.65) -> 0.28163536 | AG11: =+AE11*K11 -> 75.748969 | AH11: =+AF11*I11 -> 353.78095
A12: 45668 | B12: 267 | C12: 272.33333 | D12: 60 | E12: 316 | F12: 162.33333 | G12: 0 | H12: 7.5 | I12: 728.41667 | J12: 67.5 | K12: 454.75 | L12: 172.5 | M12: 169.75 | N12: =+AH12+AG12 -> 5.1169225 | O12: =+B12+C12+D12+F12+I12+K12+J12 -> 2012.3333 | P12: =+B12+C12+D12+F12+J12+Q12+R12 -> 2007.2164 | Q12: =+I12-AH12 -> 724.11801 | R12: =+K12-AG12 -> 453.93174 | T12: 6919 | V12: 62212 | W12: =+V12-U12-S12+AA12 -> 62212 | X12: =+V12+AB12+AA12 -> 62782 | Z12: 107 | AB12: 570 | AC12: 54708 | AD12: 62782 | AE12: =+(Z12/AC12*0.92) -> 0.0017993712 | AF12: =+(AB12/AD12*0.65) -> 0.005901373 | AG12: =+AE12*K12 -> 0.81826406 | AH12: =+AF12*I12 -> 4.2986585
A13: 45669 | C13: 232.83333 | D13: 37.5 | E13: 0 | F13: 142.5 | G13: 0 | H13: 15 | I13: 714.33333 | J13: 82.5 | K13: 558.75 | L13: 0 | M13: 120 | N13: =+AH13+AG13 -> 3.9221816 | O13: =+B13+C13+D13+F13+I13+K13+J13 -> 1768.4167 | P13: =+B13+C13+D13+F13+J13+Q13+R13 -> 1764.4945 | Q13: =+I13-AH13 -> 710.41115 | R13: =+K13-AG13 -> 558.75 | T13: 7052 | V13: 64795 | W13: =+V13-U13-S13+AA13 -> 64795 | X13: =+V13+AB13+AA13 -> 65347 | Z13: 0 | AB13: 552 | AC13: 65466 | AD13: 65347 | AE13: =+(Z13/AC13*0.92) -> 0 | AF13: =+(AB13/AD13*0.65) -> 0.0054906882 | AG13: =+AE13*K13 -> 0 | AH13: =+AF13*I13 -> 3.9221816
A14: 45670 | B14: 307.08333 | C14: 355.41667 | D14: 97.5 | E14: 378.75 | F14: 173.58333 | G14: 142.58333 | H14: 79.25 | I14: 1104.0833 | J14: 194.58333 | K14: 843.58333 | L14: 183.91667 | M14: 313.75 | N14: =+AH14+AG14 -> 138.04664 | O14: =+B14+C14+D14+F14+I14+K14+J14 -> 3075.8333 | P14: =+B14+C14+D14+F14+J14+Q14+R14 -> 2937.7867 | Q14: =+I14-AH14 -> 1042.4416 | R14: =+K14-AG14 -> 767.17845 | T14: 7497 | V14: 76231 | W14: =+V14-U14-S14+AA14 -> 76231 | X14: =+V14+AB14+AA14 -> 83397 | Z14: 9481 | AB14: 7166 | AC14: 96305 | AD14: 83429 | AE14: =+(Z14/AC14*0.92) -> 0.090571829 | AF14: =+(AB14/AD14*0.65) -> 0.055830706 | AG14: =+AE14*K14 -> 76.404885 | AH14: =+AF14*I14 -> 61.641752
A15: 45671 | B15: 240 | C15: 430.58333 | D15: 95.583333 | E15: 369.41667 | F15: 230 | G15: 126.25 | H15: 71.5 | I15: 1110 | J15: 199.5 | K15: 892.83333 | L15: 191.5 | M15: 312.58333 | N15: =+AH15+AG15 -> 47.945909 | O15: =+B15+C15+D15+F15+I15+K15+J15 -> 3198.5 | P15: =+B15+C15+D15+F15+J15+Q15+R15 -> 3150.5541 | Q15: =+I15-AH15 -> 1062.0541 | R15: =+K15-AG15 -> 892.83333 | T15: 8548 | V15: 71610 | W15: =+V15-U15-S15+AA15 -> 71610 | X15: =+V15+AB15+AA15 -> 76464 | Z15: 0 | AB15: 4854 | AC15: 92969 | AD15: 73044 | AE15: =+(Z15/AC15*0.92) -> 0 | AF15: =+(AB15/AD15*0.65) -> 0.043194513 | AG15: =+AE15*K15 -> 0 | AH15: =+AF15*I15 -> 47.945909
A16: 45672 | B16: 283.91667 | C16: 358.75 | D16: 97.5 | E16: 367.91667 | F16: 185.41667 | G16: 147.33333 | H16: 53 | I16: 1442.6667 | J16: 198.91667 | K16: 1053.1667 | L16: 177 | M16: 307.16667 | N16: =+AH16+AG16 -> 391.72771 | O16: =+B16+C16+D16+F16+I16+K16+J16 -> 3620.3333 | P16: =+B16+C16+D16+F16+J16+Q16+R16 -> 3228.6056 | Q16: =+I16-AH16 -> 1393.9071 | R16: =+K16-AG16 -> 710.1985 | T16: 8345 | V16: 90966 | W16: =+V16-U16-S16+AA16 -> 90966 | X16: =+V16+AB16+AA16 -> 95772 | Z16: 76476 | AB16: 4806 | AC16: 216051 | AD16: 92428 | AE16: =+(Z16/AC16*0.92) -> 0.32565422 | AF16: =+(AB16/AD16*0.65) -> 0.0337982 | AG16: =+AE16*K16 -> 342.96817 | AH16: =+AF16*I16 -> 48.759536
A17: 45673 | B17: 270.5 | C17: 274 | D17: 97 | E17: 339.91667 | F17: 195 | G17: 17 | H17: 55.5 | I17: 1700.9167 | J17: 103 | K17: 1170.5 | L17: 172.83333 | M17: 303.58333 | N17: =+AH17+AG17 -> 614.09031 | O17: =+B17+C17+D17+F17+I17+K17+J17 -> 3810.9167 | P17: =+B17+C17+D17+F17+J17+Q17+R17 -> 3196.8264 | Q17: =+I17-AH17 -> 1393.954 | R17: =+K17-AG17 -> 863.37231 | T17: 5192 | V17: 102665 | W17: =+V17-U17-S17+AA17 -> 102665 | X17: =+V17+AB17+AA17 -> 163666 | Z17: 55627 | AB17: 61001 | AC17: 195041 | AD17: 219709 | AE17: =+(Z17/AC17*0.92) -> 0.26239016 | AF17: =+(AB17/AD17*0.65) -> 0.18046894 | AG17: =+AE17*K17 -> 307.12769 | AH17: =+AF17*I17 -> 306.96263
A18: 45674 | B18: 218 | C18: 512.5 | D18: 97.5 | E18: 358.66667 | F18: 293 | G18: 16.083333 | H18: 64 | I18: 1433.5 | J18: 180 | K18: 775.58333 | L18: 183.58333 | M18: 289.33333 | N18: =+AH18+AG18 -> 384.8837 | O18: =+B18+C18+D18+F18+I18+K18+J18 -> 3510.0833 | P18: =+B18+C18+D18+F18+J18+Q18+R18 -> 3125.1996 | Q18: =+I18-AH18 -> 1332.6563 | R18: =+K18-AG18 -> 491.54329 | T18: 12838 | V18: 121547 | W18: =+V18-U18-S18+AA18 -> 121547 | X18: =+V18+AB18+AA18 -> 136593 | Z18: 53435 | AB18: 15046 | AC18: 134234 | AD18: 139022 | AE18: =+(Z18/AC18*0.92) -> 0.36622763 | AF18: =+(AB18/AD18*0.65) -> 0.070347859 | AG18: =+AE18*K18 -> 284.04005 | AH18: =+AF18*I18 -> 100.84366
A19: 45675 | B19: 186.58333 | C19: 277.5 | D19: 60 | E19: 252 | F19: 125.83333 | G19: 0 | H19: 7.5 | I19: 767 | J19: 103.16667 | K19: 545.16667 | L19: 119.5 | M19: 157.25 | N19: =+AH19+AG19 -> 36.450086 | O19: =+B19+C19+D19+F19+I19+K19+J19 -> 2065.25 | P19: =+B19+C19+D19+F19+J19+Q19+R19 -> 2028.7999 | Q19: =+I19-AH19 -> 730.54991 | R19: =+K19-AG19 -> 545.16667 | T19: 6893 | V19: 66659 | W19: =+V19-U19-S19+AA19 -> 66659 | X19: =+V19+AB19+AA19 -> 71777 | Z19: 0 | AB19: 5118 | AC19: 62881 | AD19: 70002 | AE19: =+(Z19/AC19*0.92) -> 0 | AF19: =+(AB19/AD19*0.65) -> 0.047522928 | AG19: =+AE19*K19 -> 0 | AH19: =+AF19*I19 -> 36.450086
A20: 45676 | C20: 256.41667 | D20: 30 | E20: 0 | F20: 142 | G20: 0 | H20: 22.5 | I20: 686.5 | J20: 87.083333 | K20: 522 | L20: 0 | M20: 132.66667 | N20: =+AH20+AG20 -> 6.3142023 | O20: =+B20+C20+D20+F20+I20+K20+J20 -> 1724 | P20: =+B20+C20+D20+F20+J20+Q20+R20 -> 1717.6858 | Q20: =+I20-AH20 -> 680.1858 | R20: =+K20-AG20 -> 522 | T20: 5639 | V20: 72913 | W20: =+V20-U20-S20+AA20 -> 72913 | X20: =+V20+AB20+AA20 -> 73898 | Z20: 0 | AB20: 985 | AC20: 63104 | AD20: 69610 | AE20: =+(Z20/AC20*0.92) -> 0 | AF20: =+(AB20/AD20*0.65) -> 0.0091976727 | AG20: =+AE20*K20 -> 0 | AH20: =+AF20*I20 -> 6.3142023
A21: 45677 | B21: 232.5 | C21: 439.16667 | D21: 90 | E21: 388.16667 | F21: 254.75 | G21: 17 | H21: 80 | I21: 1334.6667 | J21: 164.25 | K21: 918.66667 | L21: 181.58333 | M21: 325.58333 | N21: =+AH21+AG21 -> 20.119361 | O21: =+B21+C21+D21+F21+I21+K21+J21 -> 3434 | P21: =+B21+C21+D21+F21+J21+Q21+R21 -> 3413.8806 | Q21: =+I21-AH21 -> 1314.5473 | R21: =+K21-AG21 -> 918.66667 | T21: 9397 | V21: 82607 | W21: =+V21-U21-S21+AA21 -> 82607 | X21: =+V21+AB21+AA21 -> 84392 | Z21: 0 | AB21: 1785 | AC21: 90936 | AD21: 76968 | AE21: =+(Z21/AC21*0.92) -> 0 | AF21: =+(AB21/AD21*0.65) -> 0.015074447 | AG21: =+AE21*K21 -> 0 | AH21: =+AF21*I21 -> 20.119361
A22: 45678 | B22: 240 | C22: 542.58333 | D22: 94.583333 | E22: 400.41667 | F22: 200.08333 | G22: 13 | H22: 80 | I22: 1454.6667 | J22: 165 | K22: 865.75 | L22: 189 | M22: 321 | N22: =+AH22+AG22 -> 349.41364 | O22: =+B22+C22+D22+F22+I22+K22+J22 -> 3562.6667 | P22: =+B22+C22+D22+F22+J22+Q22+R22 -> 3213.253 | Q22: =+I22-AH22 -> 1426.8544 | R22: =+K22-AG22 -> 544.14863 | T22: 6246 | V22: 112240 | W22: =+V22-U22-S22+AA22 -> 112240 | X22: =+V22+AB22+AA22 -> 115558 | Z22: 66581 | AB22: 3318 | AC22: 164897 | AD22: 112802 | AE22: =+(Z22/AC22*0.92) -> 0.3714714 | AF22: =+(AB22/AD22*0.65) -> 0.019119342 | AG22: =+AE22*K22 -> 321.60137 | AH22: =+AF22*I22 -> 27.812269
A23: 45679 | B23: 247.5 | C23: 541.08333 | D23: 92.166667 | E23: 361 | F23: 140.75 | G23: 4.4166667 | H23: 72.5 | I23: 1380.75 | J23: 172.25 | K23: 860.66667 | L23: 180.91667 | M23: 312.5 | N23: =+AH23+AG23 -> 208.49166 | O23: =+B23+C23+D23+F23+I23+K23+J23 -> 3435.1667 | P23: =+B23+C23+D23+F23+J23+Q23+R23 -> 3226.675 | Q23: =+I23-AH23 -> 1172.2583 | R23: =+K23-AG23 -> 860.66667 | T23: 4572 | V23: 67455 | W23: =+V23-U23-S23+AA23 -> 67455 | X23: =+V23+AB23+AA23 -> 94829 | Z23: 0 | AB23: 27374 | AC23: 90384 | AD23: 117836 | AE23: =+(Z23/AC23*0.92) -> 0 | AF23: =+(AB23/AD23*0.65) -> 0.15099885 | AG23: =+AE23*K23 -> 0 | AH23: =+AF23*I23 -> 208.49166
A24: 45680 | B24: 246.91667 | C24: 548.16667 | D24: 97.5 | E24: 365.91667 | F24: 169.66667 | G24: 15.833333 | H24: 57.5 | I24: 976.41667 | J24: 177.91667 | K24: 647.66667 | L24: 157 | M24: 312.41667 | N24: =+AH24+AG24 -> 87.820902 | O24: =+B24+C24+D24+F24+I24+K24+J24 -> 2864.25 | P24: =+B24+C24+D24+F24+J24+Q24+R24 -> 2776.4291 | Q24: =+I24-AH24 -> 888.59576 | R24: =+K24-AG24 -> 647.66667 | T24: 5634 | V24: 77349 | W24: =+V24-U24-S24+AA24 -> 77349 | X24: =+V24+AB24+AA24 -> 91123 | Z24: 0 | AB24: 13774 | AC24: 55790 | AD24: 99543 | AE24: =+(Z24/AC24*0.92) -> 0 | AF24: =+(AB24/AD24*0.65) -> 0.089942035 | AG24: =+AE24*K24 -> 0 | AH24: =+AF24*I24 -> 87.820902
A25: 45681 | B25: 217.58333 | C25: 460.5 | D25: 90 | E25: 354 | F25: 225 | G25: 17 | H25: 62.083333 | I25: 1011.1667 | J25: 157.5 | K25: 847.5 | L25: 147.08333 | M25: 299.25 | N25: =+AH25+AG25 -> 12.561457 | O25: =+B25+C25+D25+F25+I25+K25+J25 -> 3009.25 | P25: =+B25+C25+D25+F25+J25+Q25+R25 -> 2996.6885 | Q25: =+I25-AH25 -> 998.60521 | R25: =+K25-AG25 -> 847.5 | T25: 5837 | V25: 83403 | W25: =+V25-U25-S25+AA25 -> 83403 | X25: =+V25+AB25+AA25 -> 84949 | Z25: 0 | AB25: 1546 | AC25: 71415 | AD25: 80892 | AE25: =+(Z25/AC25*0.92) -> 0 | AF25: =+(AB25/AD25*0.65) -> 0.012422736 | AG25: =+AE25*K25 -> 0 | AH25: =+AF25*I25 -> 12.561457
A26: 45682 | B26: 177.08333 | C26: 280.41667 | D26: 60 | E26: 226.5 | F26: 129.5 | G26: 0 | H26: 15 | I26: 784.83333 | J26: 97.5 | K26: 508.08333 | L26: 146.75 | M26: 179.41667 | N26: =+AH26+AG26 -> 12.684839 | O26: =+B26+C26+D26+F26+I26+K26+J26 -> 2037.4167 | P26: =+B26+C26+D26+F26+J26+Q26+R26 -> 2024.7318 | Q26: =+I26-AH26 -> 772.14849 | R26: =+K26-AG26 -> 508.08333 | T26: 2842 | V26: 65075 | W26: =+V26-U26-S26+AA26 -> 65075 | X26: =+V26+AB26+AA26 -> 66709 | Z26: 0 | AB26: 1634 | AC26: 57757 | AD26: 65714 | AE26: =+(Z26/AC26*0.92) -> 0 | AF26: =+(AB26/AD26*0.65) -> 0.016162462 | AG26: =+AE26*K26 -> 0 | AH26: =+AF26*I26 -> 12.684839
A27: 45683 | C27: 247.91667 | D27: 31.5 | E27: 0 | F27: 157.5 | G27: 0 | H27: 22.5 | I27: 721.66667 | J27: 82.5 | K27: 562.33333 | L27: 0 | M27: 134.16667 | N27: =+AH27+AG27 -> 7.8702623 | O27: =+B27+C27+D27+F27+I27+K27+J27 -> 1803.4167 | P27: =+B27+C27+D27+F27+J27+Q27+R27 -> 1795.5464 | Q27: =+I27-AH27 -> 713.7964 | R27: =+K27-AG27 -> 562.33333 | T27: 4493 | V27: 67819 | W27: =+V27-U27-S27+AA27 -> 67819 | X27: =+V27+AB27+AA27 -> 68922 | Z27: 0 | AB27: 1103 | AC27: 63970 | AD27: 65741 | AE27: =+(Z27/AC27*0.92) -> 0 | AF27: =+(AB27/AD27*0.65) -> 0.010905675 | AG27: =+AE27*K27 -> 0 | AH27: =+AF27*I27 -> 7.8702623
A28: 45684 | B28: 210 | C28: 540 | D28: 88.583333 | E28: 390.91667 | F28: 286 | G28: 90.5 | H28: 72.5 | I28: 975.66667 | J28: 67.5 | K28: 696.41667 | L28: 173.83333 | M28: 322.5 | N28: =+AH28+AG28 -> 38.795788 | O28: =+B28+C28+D28+F28+I28+K28+J28 -> 2864.1667 | P28: =+B28+C28+D28+F28+J28+Q28+R28 -> 2825.3709 | Q28: =+I28-AH28 -> 956.16027 | R28: =+K28-AG28 -> 677.12728 | T28: 3328 | V28: 61208 | W28: =+V28-U28-S28+AA28 -> 61208 | X28: =+V28+AB28+AA28 -> 63112 | Z28: 2062 | AB28: 1904 | AC28: 68490 | AD28: 61902 | AE28: =+(Z28/AC28*0.92) -> 0.027698058 | AF28: =+(AB28/AD28*0.65) -> 0.019992892 | AG28: =+AE28*K28 -> 19.289389 | AH28: =+AF28*I28 -> 19.506398
A29: 45685 | B29: 342.66667 | C29: 355.91667 | D29: 90 | E29: 408.41667 | F29: 245.91667 | G29: 101.41667 | H29: 80 | I29: 1022.6667 | J29: 82.5 | K29: 635.25 | L29: 178.25 | M29: 319.66667 | N29: =+AH29+AG29 -> 147.33257 | O29: =+B29+C29+D29+F29+I29+K29+J29 -> 2774.9167 | P29: =+B29+C29+D29+F29+J29+Q29+R29 -> 2627.5841 | Q29: =+I29-AH29 -> 995.10423 | R29: =+K29-AG29 -> 515.47987 | T29: 5247 | V29: 73830 | W29: =+V29-U29-S29+AA29 -> 73830 | X29: =+V29+AB29+AA29 -> 76940 | Z29: 16287 | AB29: 3110 | AC29: 79474 | AD29: 75005 | AE29: =+(Z29/AC29*0.92) -> 0.18854015 | AF29: =+(AB29/AD29*0.65) -> 0.026951537 | AG29: =+AE29*K29 -> 119.77013 | AH29: =+AF29*I29 -> 27.562438
A30: 45686 | B30: 262.5 | C30: 272 | D30: 97.5 | E30: 385.16667 | F30: 221.66667 | G30: 131.16667 | H30: 71.5 | I30: 1223.1667 | J30: 127.5 | K30: 722.25 | L30: 173.08333 | M30: 312 | N30: =+AH30+AG30 -> 257.30235 | O30: =+B30+C30+D30+F30+I30+K30+J30 -> 2926.5833 | P30: =+B30+C30+D30+F30+J30+Q30+R30 -> 2669.281 | Q30: =+I30-AH30 -> 1075.488 | R30: =+K30-AG30 -> 612.62633 | T30: 7124 | V30: 70622 | W30: =+V30-U30-S30+AA30 -> 70622 | X30: =+V30+AB30+AA30 -> 89449 | Z30: 17532 | AB30: 18827 | AC30: 106268 | AD30: 101359 | AE30: =+(Z30/AC30*0.92) -> 0.15178078 | AF30: =+(AB30/AD30*0.65) -> 0.12073472 | AG30: =+AE30*K30 -> 109.62367 | AH30: =+AF30*I30 -> 147.67868
A31: 45687 | B31: 300.83333 | C31: 307 | D31: 97.5 | E31: 387.5 | F31: 305.33333 | G31: 131.08333 | H31: 80 | I31: 1250.5833 | J31: 102.5 | K31: 596.5 | L31: 180.33333 | M31: 292.83333 | N31: =+AH31+AG31 -> 124.36224 | O31: =+B31+C31+D31+F31+I31+K31+J31 -> 2960.25 | P31: =+B31+C31+D31+F31+J31+Q31+R31 -> 2835.8878 | Q31: =+I31-AH31 -> 1126.2211 | R31: =+K31-AG31 -> 596.5 | T31: 3201 | V31: 91810 | W31: =+V31-U31-S31+AA31 -> 91810 | X31: =+V31+AB31+AA31 -> 111380 | Z31: 0 | AB31: 19570 | AC31: 63895 | AD31: 127917 | AE31: =+(Z31/AC31*0.92) -> 0 | AF31: =+(AB31/AD31*0.65) -> 0.099443389 | AG31: =+AE31*K31 -> 0 | AH31: =+AF31*I31 -> 124.36224
A32: 45688 | B32: 195.5 | C32: 312 | D32: 89.416667 | E32: 360 | F32: 244 | G32: 129.58333 | H32: 69.75 | I32: 1009.4167 | J32: 75.5 | K32: 672 | L32: 187.16667 | M32: 290.41667 | N32: =+AH32+AG32 -> 13.218657 | O32: =+B32+C32+D32+F32+I32+K32+J32 -> 2597.8333 | P32: =+B32+C32+D32+F32+J32+Q32+R32 -> 2584.6147 | Q32: =+I32-AH32 -> 996.19801 | R32: =+K32-AG32 -> 672 | T32: 2943 | V32: 79330 | W32: =+V32-U32-S32+AA32 -> 79330 | X32: =+V32+AB32+AA32 -> 80937 | Z32: 0 | AB32: 1607 | AC32: 75454 | AD32: 79765 | AE32: =+(Z32/AC32*0.92) -> 0 | AF32: =+(AB32/AD32*0.65) -> 0.013095343 | AG32: =+AE32*K32 -> 0 | AH32: =+AF32*I32 -> 13.218657
A33: 45689 | B33: 185 | C33: 233.41667 | D33: 57.5 | E33: 263 | F33: 150 | G33: 105 | H33: 15 | I33: 658 | J33: 82.5 | K33: 456 | L33: 153 | M33: 172.08333 | N33: =+AH33+AG33 -> 4.0402964 | O33: =+B33+C33+D33+F33+I33+K33+J33 -> 1822.4167 | P33: =+B33+C33+D33+F33+J33+Q33+R33 -> 1818.3764 | Q33: =+I33-AH33 -> 653.9597 | R33: =+K33-AG33 -> 456 | T33: 5774 | V33: 68062 | W33: =+V33-U33-S33+AA33 -> 68062 | X33: =+V33+AB33+AA33 -> 68663 | Z33: 0 | AB33: 601 | AC33: 64142 | AD33: 63621 | AE33: =+(Z33/AC33*0.92) -> 0 | AF33: =+(AB33/AD33*0.65) -> 0.0061402682 | AG33: =+AE33*K33 -> 0 | AH33: =+AF33*I33 -> 4.0402964
A34: 45690 | C34: 240 | D34: 37.5 | E34: 0 | F34: 164.41667 | G34: 104.41667 | H34: 22.5 | I34: 696.83333 | J34: 90 | K34: 494.41667 | L34: 0 | M34: 119.75 | N34: =+AH34+AG34 -> 15.318672 | O34: =+B34+C34+D34+F34+I34+K34+J34 -> 1723.1667 | P34: =+B34+C34+D34+F34+J34+Q34+R34 -> 1707.848 | Q34: =+I34-AH34 -> 681.51466 | R34: =+K34-AG34 -> 494.41667 | T34: 5357 | V34: 66284 | W34: =+V34-U34-S34+AA34 -> 66284 | X34: =+V34+AB34+AA34 -> 68499 | Z34: 0 | AB34: 2215 | AC34: 70854 | AD34: 65493 | AE34: =+(Z34/AC34*0.92) -> 0 | AF34: =+(AB34/AD34*0.65) -> 0.021983265 | AG34: =+AE34*K34 -> 0 | AH34: =+AF34*I34 -> 15.318672
A35: 45691 | B35: 192.08333 | C35: 358.41667 | D35: 94 | E35: 389.83333 | F35: 243.25 | G35: 136 | H35: 70.5 | I35: 965.41667 | J35: 97.5 | K35: 573.25 | L35: 171.75 | M35: 288.58333 | N35: =+AH35+AG35 -> 18.012779 | O35: =+B35+C35+D35+F35+I35+K35+J35 -> 2523.9167 | P35: =+B35+C35+D35+F35+J35+Q35+R35 -> 2505.9039 | Q35: =+I35-AH35 -> 947.40389 | R35: =+K35-AG35 -> 573.25 | T35: 5036 | V35: 63491 | W35: =+V35-U35-S35+AA35 -> 63491 | X35: =+V35+AB35+AA35 -> 65276 | Z35: 0 | AB35: 1785 | AC35: 70876 | AD35: 62185 | AE35: =+(Z35/AC35*0.92) -> 0 | AF35: =+(AB35/AD35*0.65) -> 0.018658037 | AG35: =+AE35*K35 -> 0 | AH35: =+AF35*I35 -> 18.012779
A36: 45692 | B36: 195 | C36: 329.66667 | D36: 83.666667 | E36: 374.66667 | F36: 239.41667 | G36: 153 | H36: 71.5 | I36: 1182.25 | J36: 116.08333 | K36: 577.91667 | L36: 197.5 | M36: 307.08333 | N36: =+AH36+AG36 -> 96.375224 | O36: =+B36+C36+D36+F36+I36+K36+J36 -> 2724 | P36: =+B36+C36+D36+F36+J36+Q36+R36 -> 2627.6248 | Q36: =+I36-AH36 -> 1167.587 | R36: =+K36-AG36 -> 496.20441 | T36: 5470 | V36: 94199 | W36: =+V36-U36-S36+AA36 -> 94199 | X36: =+V36+AB36+AA36 -> 95962 | Z36: 13578 | AB36: 1763 | AC36: 88349 | AD36: 92396 | AE36: =+(Z36/AC36*0.92) -> 0.14139107 | AF36: =+(AB36/AD36*0.65) -> 0.012402593 | AG36: =+AE36*K36 -> 81.712258 | AH36: =+AF36*I36 -> 14.662966
A37: 45693 | B37: 201.25 | C37: 261.91667 | D37: 94.333333 | E37: 375.83333 | F37: 255 | G37: 152.41667 | H37: 70.75 | I37: 1429.1667 | J37: 95.333333 | K37: 832.41667 | L37: 199.33333 | M37: 296.75 | N37: =+AH37+AG37 -> 29.123244 | O37: =+B37+C37+D37+F37+I37+K37+J37 -> 3169.4167 | P37: =+B37+C37+D37+F37+J37+Q37+R37 -> 3140.2934 | Q37: =+I37-AH37 -> 1419.0856 | R37: =+K37-AG37 -> 813.37445 | T37: 4411 | V37: 101409 | W37: =+V37-U37-S37+AA37 -> 101409 | X37: =+V37+AB37+AA37 -> 102488 | Z37: 3072 | AB37: 1079 | AC37: 123547 | AD37: 99429 | AE37: =+(Z37/AC37*0.92) -> 0.022875829 | AF37: =+(AB37/AD37*0.65) -> 0.0070537771 | AG37: =+AE37*K37 -> 19.042221 | AH37: =+AF37*I37 -> 10.081023
A38: 45694 | B38: 60 | C38: 322.5 | D38: 97.5 | E38: 333.83333 | F38: 264.83333 | G38: 151.91667 | H38: 77.666667 | I38: 1377.6667 | J38: 89.333333 | K38: 842.33333 | L38: 194.16667 | M38: 304.25 | N38: =+AH38+AG38 -> 117.6281 | O38: =+B38+C38+D38+F38+I38+K38+J38 -> 3054.1667 | P38: =+B38+C38+D38+F38+J38+Q38+R38 -> 2936.5386 | Q38: =+I38-AH38 -> 1359.1759 | R38: =+K38-AG38 -> 743.19597 | T38: 8042 | V38: 119888 | W38: =+V38-U38-S38+AA38 -> 119888 | X38: =+V38+AB38+AA38 -> 122309 | Z38: 18345 | AB38: 2421 | AC38: 143401 | AD38: 117246 | AE38: =+(Z38/AC38*0.92) -> 0.11769374 | AF38: =+(AB38/AD38*0.65) -> 0.01342178 | AG38: =+AE38*K38 -> 99.13736 | AH38: =+AF38*I38 -> 18.490739
A39: 45695 | B39: 67.5 | C39: 421.08333 | D39: 97.5 | E39: 309.33333 | F39: 244.08333 | G39: 146.08333 | H39: 78.916667 | I39: 1426 | J39: 119.33333 | K39: 805.83333 | L39: 179.41667 | M39: 288.83333 | N39: =+AH39+AG39 -> 205.53152 | O39: =+B39+C39+D39+F39+I39+K39+J39 -> 3181.3333 | P39: =+B39+C39+D39+F39+J39+Q39+R39 -> 2975.8018 | Q39: =+I39-AH39 -> 1327.2315 | R39: =+K39-AG39 -> 699.07027 | T39: 8134 | V39: 121421 | W39: =+V39-U39-S39+AA39 -> 121421 | X39: =+V39+AB39+AA39 -> 136825 | Z39: 19763 | AB39: 15404 | AC39: 137235 | AD39: 144560 | AE39: =+(Z39/AC39*0.92) -> 0.13248778 | AF39: =+(AB39/AD39*0.65) -> 0.06926259 | AG39: =+AE39*K39 -> 106.76307 | AH39: =+AF39*I39 -> 98.768453
A40: 45696 | B40: 88.666667 | C40: 210 | D40: 52.5 | E40: 239.91667 | F40: 164.66667 | G40: 111.16667 | H40: 14.583333 | I40: 763.25 | J40: 117 | K40: 448.33333 | L40: 192.41667 | M40: 164.75 | N40: =+AH40+AG40 -> 130.25827 | O40: =+B40+C40+D40+F40+I40+K40+J40 -> 1844.4167 | P40: =+B40+C40+D40+F40+J40+Q40+R40 -> 1714.1584 | Q40: =+I40-AH40 -> 639.84455 | R40: =+K40-AG40 -> 441.48051 | T40: 7884 | V40: 63936 | W40: =+V40-U40-S40+AA40 -> 63936 | X40: =+V40+AB40+AA40 -> 91682 | Z40: 1141 | AB40: 27746 | AC40: 68676 | AD40: 111544 | AE40: =+(Z40/AC40*0.92) -> 0.015285107 | AF40: =+(AB40/AD40*0.65) -> 0.16168418 | AG40: =+AE40*K40 -> 6.8528229 | AH40: =+AF40*I40 -> 123.40545
A41: 45697 | C41: 236.66667 | D41: 37.5 | E41: 0 | F41: 150 | G41: 112.5 | H41: 22.5 | I41: 666.08333 | J41: 75 | K41: 419 | L41: 0 | M41: 120 | N41: =+AH41+AG41 -> 30.237854 | O41: =+B41+C41+D41+F41+I41+K41+J41 -> 1584.25 | P41: =+B41+C41+D41+F41+J41+Q41+R41 -> 1554.0121 | Q41: =+I41-AH41 -> 635.84548 | R41: =+K41-AG41 -> 419 | T41: 6092 | V41: 72118 | W41: =+V41-U41-S41+AA41 -> 72118 | X41: =+V41+AB41+AA41 -> 77478 | Z41: 0 | AB41: 5360 | AC41: 76840 | AD41: 76746 | AE41: =+(Z41/AC41*0.92) -> 0 | AF41: =+(AB41/AD41*0.65) -> 0.045396503 | AG41: =+AE41*K41 -> 0 | AH41: =+AF41*I41 -> 30.237854
A42: 45698 | B42: 15 | C42: 293.58333 | D42: 95.75 | E42: 371.83333 | F42: 225 | G42: 0 | H42: 63 | I42: 1399.5 | J42: 134.5 | K42: 734.08333 | L42: 195.58333 | M42: 297 | N42: =+AH42+AG42 -> 55.24713 | O42: =+B42+C42+D42+F42+I42+K42+J42 -> 2897.4167 | P42: =+B42+C42+D42+F42+J42+Q42+R42 -> 2842.1695 | Q42: =+I42-AH42 -> 1358.7432 | R42: =+K42-AG42 -> 719.593 | T42: 9041 | V42: 116466 | W42: =+V42-U42-S42+AA42 -> 116466 | X42: =+V42+AB42+AA42 -> 121851 | Z42: 2356 | AB42: 5385 | AC42: 109807 | AD42: 120191 | AE42: =+(Z42/AC42*0.92) -> 0.019739361 | AF42: =+(AB42/AD42*0.65) -> 0.029122397 | AG42: =+AE42*K42 -> 14.490336 | AH42: =+AF42*I42 -> 40.756794
A43: 45699 | B43: 7 | C43: 276.25 | D43: 92.166667 | E43: 355.58333 | F43: 268.41667 | G43: 0 | H43: 67.5 | I43: 2136.5 | J43: 66.5 | K43: 628.83333 | L43: 134 | M43: 314.75 | N43: =+AH43+AG43 -> 27.561172 | O43: =+B43+C43+D43+F43+I43+K43+J43 -> 3475.6667 | P43: =+B43+C43+D43+F43+J43+Q43+R43 -> 3448.1055 | Q43: =+I43-AH43 -> 2108.9388 | R43: =+K43-AG43 -> 628.83333 | T43: 3069 | V43: 144028 | W43: =+V43-U43-S43+AA43 -> 144028 | X43: =+V43+AB43+AA43 -> 146953 | Z43: 0 | AB43: 2925 | AC43: 85363 | AD43: 147382 | AE43: =+(Z43/AC43*0.92) -> 0 | AF43: =+(AB43/AD43*0.65) -> 0.012900151 | AG43: =+AE43*K43 -> 0 | AH43: =+AF43*I43 -> 27.561172
A44: 45700 | B44: 177.5 | C44: 469.41667 | D44: 97.5 | E44: 318 | F44: 247.5 | G44: 0 | H44: 37.5 | I44: 1397.25 | J44: 135 | K44: 730 | L44: 172.83333 | M44: 314.25 | N44: =+AH44+AG44 -> 43.641423 | O44: =+B44+C44+D44+F44+I44+K44+J44 -> 3254.1667 | P44: =+B44+C44+D44+F44+J44+Q44+R44 -> 3210.5252 | Q44: =+I44-AH44 -> 1378.4238 | R44: =+K44-AG44 -> 705.1848 | T44: 11453 | V44: 125887 | W44: =+V44-U44-S44+AA44 -> 125887 | X44: =+V44+AB44+AA44 -> 128380 | Z44: 3684 | AB44: 2493 | AC44: 99704 | AD44: 120267 | AE44: =+(Z44/AC44*0.92) -> 0.033993421 | AF44: =+(AB44/AD44*0.65) -> 0.013473771 | AG44: =+AE44*K44 -> 24.815197 | AH44: =+AF44*I44 -> 18.826226
A45: 45701 | B45: 172.5 | C45: 448.58333 | D45: 97.5 | E45: 324.58333 | F45: 202.5 | G45: 0 | H45: 55.5 | I45: 1378.4167 | J45: 97.5 | K45: 677.83333 | L45: 160.83333 | M45: 316.75 | N45: =+AH45+AG45 -> 39.933695 | O45: =+B45+C45+D45+F45+I45+K45+J45 -> 3074.8333 | P45: =+B45+C45+D45+F45+J45+Q45+R45 -> 3034.8996 | Q45: =+I45-AH45 -> 1338.483 | R45: =+K45-AG45 -> 677.83333 | T45: 8671 | V45: 113816 | W45: =+V45-U45-S45+AA45 -> 113816 | X45: =+V45+AB45+AA45 -> 118994 | Z45: 0 | AB45: 5178 | AC45: 94242 | AD45: 116176 | AE45: =+(Z45/AC45*0.92) -> 0 | AF45: =+(AB45/AD45*0.65) -> 0.0289707 | AG45: =+AE45*K45 -> 0 | AH45: =+AF45*I45 -> 39.933695
A46: 45702 | B46: 164.66667 | C46: 435 | D46: 97.5 | E46: 319.25 | F46: 168.41667 | G46: 0 | H46: 64 | I46: 964.41667 | J46: 134.66667 | K46: 556 | L46: 165.25 | M46: 310.91667 | N46: =+AH46+AG46 -> 50.652297 | O46: =+B46+C46+D46+F46+I46+K46+J46 -> 2520.6667 | P46: =+B46+C46+D46+F46+J46+Q46+R46 -> 2470.0144 | Q46: =+I46-AH46 -> 933.38082 | R46: =+K46-AG46 -> 536.38355 | T46: 8094 | V46: 81952 | W46: =+V46-U46-S46+AA46 -> 81952 | X46: =+V46+AB46+AA46 -> 86037 | Z46: 2248 | AB46: 4085 | AC46: 58619 | AD46: 82510 | AE46: =+(Z46/AC46*0.92) -> 0.035281393 | AF46: =+(AB46/AD46*0.65) -> 0.032180948 | AG46: =+AE46*K46 -> 19.616455 | AH46: =+AF46*I46 -> 31.035842
A47: 45703 | B47: 145.75 | C47: 152.41667 | D47: 46.666667 | E47: 217.75 | F47: 104.25 | G47: 0 | H47: 12.5 | I47: 552.08333 | J47: 60.166667 | K47: 278.25 | L47: 132.08333 | M47: 176.83333 | N47: =+AH47+AG47 -> 12.647541 | O47: =+B47+C47+D47+F47+I47+K47+J47 -> 1339.5833 | P47: =+B47+C47+D47+F47+J47+Q47+R47 -> 1326.9358 | Q47: =+I47-AH47 -> 539.43579 | R47: =+K47-AG47 -> 278.25 | T47: 3889 | V47: 45981 | W47: =+V47-U47-S47+AA47 -> 45981 | X47: =+V47+AB47+AA47 -> 47577 | Z47: 0 | AB47: 1596 | AC47: 44228 | AD47: 45284 | AE47: =+(Z47/AC47*0.92) -> 0 | AF47: =+(AB47/AD47*0.65) -> 0.022908754 | AG47: =+AE47*K47 -> 0 | AH47: =+AF47*I47 -> 12.647541
A48: 45704 | C48: 246.25 | D48: 37.583333 | E48: 0 | F48: 150.75 | G48: 0 | H48: 16 | I48: 685 | J48: 80 | K48: 347 | L48: 0 | M48: 124.25 | N48: =+AH48+AG48 -> 18.433284 | O48: =+B48+C48+D48+F48+I48+K48+J48 -> 1546.5833 | P48: =+B48+C48+D48+F48+J48+Q48+R48 -> 1528.15 | Q48: =+I48-AH48 -> 666.56672 | R48: =+K48-AG48 -> 347 | T48: 4796 | V48: 59650 | W48: =+V48-U48-S48+AA48 -> 59650 | X48: =+V48+AB48+AA48 -> 62152 | Z48: 0 | AB48: 2502 | AC48: 58600 | AD48: 60435 | AE48: =+(Z48/AC48*0.92) -> 0 | AF48: =+(AB48/AD48*0.65) -> 0.026909903 | AG48: =+AE48*K48 -> 0 | AH48: =+AF48*I48 -> 18.433284
A49: 45705 | B49: 180 | C49: 403.83333 | D49: 97.166667 | E49: 341.66667 | F49: 274.16667 | G49: 85 | H49: 45 | I49: 1147.5 | J49: 101 | K49: 798.5 | L49: 189.08333 | M49: 290 | N49: =+AH49+AG49 -> 29.745033 | O49: =+B49+C49+D49+F49+I49+K49+J49 -> 3002.1667 | P49: =+B49+C49+D49+F49+J49+Q49+R49 -> 2972.4216 | Q49: =+I49-AH49 -> 1117.755 | R49: =+K49-AG49 -> 798.5 | S49: 5587 | T49: 7094 | U49: 147 | V49: 84244 | W49: =+V49-U49-S49+AA49 -> 78510 | X49: =+V49+AB49+AA49 -> 87656 | Z49: 0 | AB49: 3412 | AC49: 103518 | AD49: 85558 | AE49: =+(Z49/AC49*0.92) -> 0 | AF49: =+(AB49/AD49*0.65) -> 0.025921597 | AG49: =+AE49*K49 -> 0 | AH49: =+AF49*I49 -> 29.745033
A50: 45706 | B50: 180 | C50: 448.41667 | D50: 92.833333 | E50: 350.41667 | F50: 253 | G50: 85 | H50: 64 | I50: 1340.3333 | J50: 101 | K50: 783.5 | L50: 206.83333 | M50: 307.08333 | N50: =+AH50+AG50 -> 82.107428 | O50: =+B50+C50+D50+F50+I50+K50+J50 -> 3199.0833 | P50: =+B50+C50+D50+F50+J50+Q50+R50 -> 3116.9759 | Q50: =+I50-AH50 -> 1317.4292 | R50: =+K50-AG50 -> 724.29672 | S50: 4662 | T50: 6803 | U50: 160 | V50: 121710 | W50: =+V50-U50-S50+AA50 -> 116888 | X50: =+V50+AB50+AA50 -> 124963 | Z50: 9878 | AB50: 3253 | AC50: 120268 | AD50: 123736 | AE50: =+(Z50/AC50*0.92) -> 0.075562577 | AF50: =+(AB50/AD50*0.65) -> 0.017088398 | AG50: =+AE50*K50 -> 59.203279 | AH50: =+AF50*I50 -> 22.904149
A51: 45707 | B51: 180 | C51: 455.5 | D51: 90 | E51: 338 | F51: 188.25 | G51: 67.333333 | H51: 49.916667 | I51: 1357.0833 | J51: 67.5 | K51: 755.75 | L51: 180.75 | M51: 312.08333 | N51: =+AH51+AG51 -> 216.76137 | O51: =+B51+C51+D51+F51+I51+K51+J51 -> 3094.0833 | P51: =+B51+C51+D51+F51+J51+Q51+R51 -> 2877.322 | Q51: =+I51-AH51 -> 1217.0967 | R51: =+K51-AG51 -> 678.97523 | S51: 2697 | T51: 4588 | U51: 169 | V51: 109208 | W51: =+V51-U51-S51+AA51 -> 106342 | X51: =+V51+AB51+AA51 -> 134000 | Z51: 12680 | AB51: 24792 | AC51: 114833 | AD51: 156223 | AE51: =+(Z51/AC51*0.92) -> 0.10158752 | AF51: =+(AB51/AD51*0.65) -> 0.10315254 | AG51: =+AE51*K51 -> 76.77477 | AH51: =+AF51*I51 -> 139.9866
A52: 45708 | B52: 177.5 | C52: 505.5 | D52: 81.333333 | E52: 277.25 | F52: 217.5 | G52: 67.083333 | H52: 30 | I52: 1293.4167 | J52: 102.33333 | K52: 587.5 | L52: 134.5 | M52: 298.41667 | N52: =+AH52+AG52 -> 95.979082 | O52: =+B52+C52+D52+F52+I52+K52+J52 -> 2965.0833 | P52: =+B52+C52+D52+F52+J52+Q52+R52 -> 2869.1043 | Q52: =+I52-AH52 -> 1235.1972 | R52: =+K52-AG52 -> 549.74041 | S52: 5458 | T52: 8124 | U52: 224 | V52: 112908 | W52: =+V52-U52-S52+AA52 -> 107226 | X52: =+V52+AB52+AA52 -> 121443 | Z52: 6199 | AB52: 8535 | AC52: 88734 | AD52: 123250 | AE52: =+(Z52/AC52*0.92) -> 0.064271643 | AF52: =+(AB52/AD52*0.65) -> 0.04501217 | AG52: =+AE52*K52 -> 37.75959 | AH52: =+AF52*I52 -> 58.219491
A53: 45709 | B53: 180 | C53: 539 | D53: 82.5 | E53: 239.33333 | F53: 194.75 | G53: 65.25 | H53: 22.5 | I53: 897.66667 | J53: 105 | K53: 537.83333 | L53: 149.5 | M53: 292.25 | N53: =+AH53+AG53 -> 14.481311 | O53: =+B53+C53+D53+F53+I53+K53+J53 -> 2536.75 | P53: =+B53+C53+D53+F53+J53+Q53+R53 -> 2522.2687 | Q53: =+I53-AH53 -> 883.18536 | R53: =+K53-AG53 -> 537.83333 | S53: 4916 | T53: 7285 | U53: 243 | V53: 81941 | W53: =+V53-U53-S53+AA53 -> 76782 | X53: =+V53+AB53+AA53 -> 83957 | Z53: 0 | AB53: 2016 | AC53: 67985 | AD53: 81229 | AE53: =+(Z53/AC53*0.92) -> 0 | AF53: =+(AB53/AD53*0.65) -> 0.01613217 | AG53: =+AE53*K53 -> 0 | AH53: =+AF53*I53 -> 14.481311
A54: 45710 | B54: 102.16667 | C54: 128 | D54: 15 | E54: 188 | F54: 60 | G54: 50.5 | H54: 7.5 | I54: 337.08333 | J54: 37.5 | K54: 180 | L54: 0 | M54: 86.5 | N54: =+AH54+AG54 -> 6.9240135 | O54: =+B54+C54+D54+F54+I54+K54+J54 -> 859.75 | P54: =+B54+C54+D54+F54+J54+Q54+R54 -> 852.82599 | Q54: =+I54-AH54 -> 330.15932 | R54: =+K54-AG54 -> 180 | S54: 2108 | T54: 3383 | U54: 45 | V54: 34554 | W54: =+V54-U54-S54+AA54 -> 32401 | X54: =+V54+AB54+AA54 -> 35647 | Z54: 0 | AB54: 1093 | AC54: 32951 | AD54: 34587 | AE54: =+(Z54/AC54*0.92) -> 0 | AF54: =+(AB54/AD54*0.65) -> 0.020540955 | AG54: =+AE54*K54 -> 0 | AH54: =+AF54*I54 -> 6.9240135
A55: 45711 | C55: 167.16667 | D55: 27.5 | E55: 0 | F55: 98.916667 | G55: 75 | H55: 0 | I55: 470.33333 | J55: 67.75 | K55: 266.91667 | L55: 0 | M55: 119.16667 | N55: =+AH55+AG55 -> 22.332185 | O55: =+B55+C55+D55+F55+I55+K55+J55 -> 1098.5833 | P55: =+B55+C55+D55+F55+J55+Q55+R55 -> 1076.2511 | Q55: =+I55-AH55 -> 448.00115 | R55: =+K55-AG55 -> 266.91667 | S55: 3734 | T55: 5032 | U55: 84 | V55: 42709 | W55: =+V55-U55-S55+AA55 -> 38891 | X55: =+V55+AB55+AA55 -> 46036 | Z55: 0 | AB55: 3327 | AC55: 53688 | AD55: 45545 | AE55: =+(Z55/AC55*0.92) -> 0 | AF55: =+(AB55/AD55*0.65) -> 0.047481612 | AG55: =+AE55*K55 -> 0 | AH55: =+AF55*I55 -> 22.332185
A56: 45712 | B56: 21 | C56: 342.16667 | D56: 80.5 | E56: 343.5 | F56: 263.5 | G56: 153.25 | H56: 71.5 | I56: 1594 | J56: 60 | K56: 879.66667 | L56: 190.75 | M56: 295.5 | N56: =+AH56+AG56 -> 14.454105 | O56: =+B56+C56+D56+F56+I56+K56+J56 -> 3240.8333 | P56: =+B56+C56+D56+F56+J56+Q56+R56 -> 3226.3792 | Q56: =+I56-AH56 -> 1579.5459 | R56: =+K56-AG56 -> 879.66667 | S56: 5063 | T56: 7229 | U56: 279 | V56: 135248 | W56: =+V56-U56-S56+AA56 -> 129906 | X56: =+V56+AB56+AA56 -> 137132 | Z56: 0 | AB56: 1884 | AC56: 109438 | AD56: 135049 | AE56: =+(Z56/AC56*0.92) -> 0 | AF56: =+(AB56/AD56*0.65) -> 0.0090678198 | AG56: =+AE56*K56 -> 0 | AH56: =+AF56*I56 -> 14.454105
A57: 45713 | B57: 35 | C57: 320.33333 | D57: 80.083333 | E57: 328.5 | F57: 231.08333 | G57: 139.33333 | H57: 63 | I57: 1343.9167 | J57: 67.5 | K57: 948 | L57: 189.91667 | M57: 313.41667 | N57: =+AH57+AG57 -> 12.210887 | O57: =+B57+C57+D57+F57+I57+K57+J57 -> 3025.9167 | P57: =+B57+C57+D57+F57+J57+Q57+R57 -> 3013.7058 | Q57: =+I57-AH57 -> 1331.7058 | R57: =+K57-AG57 -> 948 | S57: 2363 | T57: 4520 | U57: 223 | V57: 120267 | W57: =+V57-U57-S57+AA57 -> 117681 | X57: =+V57+AB57+AA57 -> 121965 | Z57: 0 | AB57: 1698 | AC57: 123377 | AD57: 121472 | AE57: =+(Z57/AC57*0.92) -> 0 | AF57: =+(AB57/AD57*0.65) -> 0.0090860445 | AG57: =+AE57*K57 -> 0 | AH57: =+AF57*I57 -> 12.210887
A58: 45714 | B58: 165 | C58: 377.25 | D58: 97.5 | E58: 348.83333 | F58: 281.83333 | G58: 144.5 | H58: 63 | I58: 1329.9167 | J58: 112.5 | K58: 765.25 | L58: 176 | M58: 308.08333 | N58: =+AH58+AG58 -> 112.29004 | O58: =+B58+C58+D58+F58+I58+K58+J58 -> 3129.25 | P58: =+B58+C58+D58+F58+J58+Q58+R58 -> 3016.96 | Q58: =+I58-AH58 -> 1314.9125 | R58: =+K58-AG58 -> 667.9641 | S58: 3829 | T58: 9682 | U58: 336 | V58: 123095 | W58: =+V58-U58-S58+AA58 -> 118930 | X58: =+V58+AB58+AA58 -> 125239 | Z58: 16725 | AB58: 2144 | AC58: 121034 | AD58: 123524 | AE58: =+(Z58/AC58*0.92) -> 0.12712957 | AF58: =+(AB58/AD58*0.65) -> 0.011282018 | AG58: =+AE58*K58 -> 97.285901 | AH58: =+AF58*I58 -> 15.004144
A59: 45715 | B59: 164.33333 | C59: 370.83333 | D59: 97.5 | E59: 370.83333 | F59: 266.41667 | G59: 141.08333 | H59: 63 | I59: 1147.8333 | J59: 127.5 | K59: 607.58333 | L59: 168.5 | M59: 296.16667 | N59: =+AH59+AG59 -> 145.28737 | O59: =+B59+C59+D59+F59+I59+K59+J59 -> 2782 | P59: =+B59+C59+D59+F59+J59+Q59+R59 -> 2636.7126 | Q59: =+I59-AH59 -> 1031.2864 | R59: =+K59-AG59 -> 578.84285 | S59: 6206 | T59: 8226 | U59: 174 | V59: 93960 | W59: =+V59-U59-S59+AA59 -> 87580 | X59: =+V59+AB59+AA59 -> 113913 | Z59: 4175 | AB59: 19953 | AC59: 81200 | AD59: 127732 | AE59: =+(Z59/AC59*0.92) -> 0.047302956 | AF59: =+(AB59/AD59*0.65) -> 0.10153642 | AG59: =+AE59*K59 -> 28.740487 | AH59: =+AF59*I59 -> 116.54689
A60: 45716 | B60: 172.5 | C60: 359.83333 | D60: 97.5 | E60: 355.25 | F60: 281.08333 | G60: 152.08333 | H60: 63 | I60: 920.91667 | J60: 90 | K60: 648.66667 | L60: 175 | M60: 298.33333 | N60: =+AH60+AG60 -> 27.821004 | O60: =+B60+C60+D60+F60+I60+K60+J60 -> 2570.5 | P60: =+B60+C60+D60+F60+J60+Q60+R60 -> 2542.679 | Q60: =+I60-AH60 -> 893.09566 | R60: =+K60-AG60 -> 648.66667 | S60: 4291 | T60: 6471 | U60: 151 | V60: 82351 | W60: =+V60-U60-S60+AA60 -> 77909 | X60: =+V60+AB60+AA60 -> 86359 | Z60: 0 | AB60: 4008 | AC60: 83156 | AD60: 86236 | AE60: =+(Z60/AC60*0.92) -> 0 | AF60: =+(AB60/AD60*0.65) -> 0.030210121 | AG60: =+AE60*K60 -> 0 | AH60: =+AF60*I60 -> 27.821004
A61: 45717 | B61: 160 | C61: 157.58333 | D61: 47 | E61: 188 | F61: 112.58333 | G61: 102.66667 | H61: 20 | I61: 528.58333 | J61: 79.833333 | K61: 325.08333 | L61: 146 | M61: 179.66667 | N61: =+AH61+AG61 -> 4.8733844 | O61: =+B61+C61+D61+F61+I61+K61+J61 -> 1410.6667 | P61: =+B61+C61+D61+F61+J61+Q61+R61 -> 1405.7933 | Q61: =+I61-AH61 -> 523.70995 | R61: =+K61-AG61 -> 325.08333 | S61: 4605 | T61: 5899 | U61: 91 | V61: 64175 | W61: =+V61-U61-S61+AA61 -> 59479 | X61: =+V61+AB61+AA61 -> 65051 | Z61: 0 | AB61: 876 | AC61: 52769 | AD61: 61759 | AE61: =+(Z61/AC61*0.92) -> 0 | AF61: =+(AB61/AD61*0.65) -> 0.0092197089 | AG61: =+AE61*K61 -> 0 | AH61: =+AF61*I61 -> 4.8733844
A62: 45718 | C62: 124.5 | D62: 22.5 | E62: 0 | F62: 67.5 | G62: 105 | H62: 7.5 | I62: 285 | J62: 37.5 | K62: 195 | L62: 0 | M62: 52.5 | N62: =+AH62+AG62 -> 2.6348301 | O62: =+B62+C62+D62+F62+I62+K62+J62 -> 732 | P62: =+B62+C62+D62+F62+J62+Q62+R62 -> 729.36517 | Q62: =+I62-AH62 -> 282.36517 | R62: =+K62-AG62 -> 195 | S62: 1787 | T62: 2434 | U62: 10 | V62: 24525 | W62: =+V62-U62-S62+AA62 -> 22728 | X62: =+V62+AB62+AA62 -> 24869 | Z62: 0 | AB62: 344 | AC62: 32841 | AD62: 24186 | AE62: =+(Z62/AC62*0.92) -> 0 | AF62: =+(AB62/AD62*0.65) -> 0.0092450178 | AG62: =+AE62*K62 -> 0 | AH62: =+AF62*I62 -> 2.6348301
A63: 45719 | B63: 120 | C63: 275.91667 | D63: 90 | E63: 347.75 | F63: 231.58333 | G63: 144.16667 | H63: 59.666667 | I63: 1314.0833 | J63: 97.5 | K63: 763.58333 | L63: 149.08333 | M63: 292.5 | N63: =+AH63+AG63 -> 13.184015 | O63: =+B63+C63+D63+F63+I63+K63+J63 -> 2892.6667 | P63: =+B63+C63+D63+F63+J63+Q63+R63 -> 2879.4827 | Q63: =+I63-AH63 -> 1300.8993 | R63: =+K63-AG63 -> 763.58333 | S63: 4731 | T63: 7260 | U63: 260 | V63: 117118 | W63: =+V63-U63-S63+AA63 -> 112127 | X63: =+V63+AB63+AA63 -> 118917 | Z63: 0 | AB63: 1799 | AC63: 109558 | AD63: 116552 | AE63: =+(Z63/AC63*0.92) -> 0 | AF63: =+(AB63/AD63*0.65) -> 0.010032861 | AG63: =+AE63*K63 -> 0 | AH63: =+AF63*I63 -> 13.184015
A64: 45720 | B64: 83.916667 | C64: 285 | D64: 97.5 | E64: 359.66667 | F64: 206.91667 | G64: 144.16667 | H64: 67 | I64: 1272.1667 | J64: 97.5 | K64: 755.91667 | L64: 163.16667 | M64: 304.41667 | N64: =+AH64+AG64 -> 32.960436 | O64: =+B64+C64+D64+F64+I64+K64+J64 -> 2798.9167 | P64: =+B64+C64+D64+F64+J64+Q64+R64 -> 2765.9562 | Q64: =+I64-AH64 -> 1252.4007 | R64: =+K64-AG64 -> 742.72221 | S64: 5959 | T64: 9055 | U64: 275 | V64: 109830 | W64: =+V64-U64-S64+AA64 -> 103596 | X64: =+V64+AB64+AA64 -> 112453 | Z64: 2111 | AB64: 2623 | AC64: 111265 | AD64: 109733 | AE64: =+(Z64/AC64*0.92) -> 0.017454905 | AF64: =+(AB64/AD64*0.65) -> 0.015537259 | AG64: =+AE64*K64 -> 13.194454 | AH64: =+AF64*I64 -> 19.765983
A65: 45721 | B65: 30 | C65: 379.16667 | D65: 68.666667 | E65: 319 | F65: 216.75 | G65: 145.66667 | H65: 67.083333 | I65: 1279.4167 | J65: 96.25 | K65: 722.83333 | L65: 179.08333 | M65: 285 | N65: =+AH65+AG65 -> 137.82201 | O65: =+B65+C65+D65+F65+I65+K65+J65 -> 2793.0833 | P65: =+B65+C65+D65+F65+J65+Q65+R65 -> 2655.2613 | Q65: =+I65-AH65 -> 1267.0894 | R65: =+K65-AG65 -> 597.33862 | S65: 4331 | T65: 7688 | U65: 246 | V65: 124806 | W65: =+V65-U65-S65+AA65 -> 120229 | X65: =+V65+AB65+AA65 -> 126662 | Z65: 27210 | AB65: 1856 | AC65: 144188 | AD65: 125209 | AE65: =+(Z65/AC65*0.92) -> 0.173615 | AF65: =+(AB65/AD65*0.65) -> 0.0096350901 | AG65: =+AE65*K65 -> 125.49471 | AH65: =+AF65*I65 -> 12.327295
A66: 45722 | B66: 15 | C66: 306.41667 | D66: 82.5 | E66: 316.5 | F66: 232.25 | G66: 145.25 | H66: 66.916667 | I66: 1346.9167 | J66: 100.33333 | K66: 738.58333 | L66: 126.75 | M66: 308.58333 | N66: =+AH66+AG66 -> 87.215455 | O66: =+B66+C66+D66+F66+I66+K66+J66 -> 2822 | P66: =+B66+C66+D66+F66+J66+Q66+R66 -> 2734.7845 | Q66: =+I66-AH66 -> 1259.7012 | R66: =+K66-AG66 -> 738.58333 | S66: 1896 | T66: 5625 | U66: 354 | V66: 133387 | W66: =+V66-U66-S66+AA66 -> 131137 | X66: =+V66+AB66+AA66 -> 149701 | Z66: 0 | AB66: 16314 | AC66: 125027 | AD66: 163765 | AE66: =+(Z66/AC66*0.92) -> 0 | AF66: =+(AB66/AD66*0.65) -> 0.064751931 | AG66: =+AE66*K66 -> 0 | AH66: =+AF66*I66 -> 87.215455
A67: 45723 | B67: 30 | C67: 454.5 | D67: 90 | E67: 371.16667 | F67: 262.5 | G67: 135.83333 | H67: 64.833333 | I67: 1322.0833 | J67: 120 | K67: 874.25 | L67: 168.58333 | M67: 279.91667 | N67: =+AH67+AG67 -> 106.87655 | O67: =+B67+C67+D67+F67+I67+K67+J67 -> 3153.3333 | P67: =+B67+C67+D67+F67+J67+Q67+R67 -> 3046.4568 | Q67: =+I67-AH67 -> 1232.1173 | R67: =+K67-AG67 -> 857.33952 | S67: 5382 | T67: 6957 | U67: 131 | V67: 113264 | W67: =+V67-U67-S67+AA67 -> 107751 | X67: =+V67+AB67+AA67 -> 127933 | Z67: 2324 | AB67: 14669 | AC67: 110536 | AD67: 140118 | AE67: =+(Z67/AC67*0.92) -> 0.019342839 | AF67: =+(AB67/AD67*0.65) -> 0.068048716 | AG67: =+AE67*K67 -> 16.910477 | AH67: =+AF67*I67 -> 89.966073
A68: 45724 | B68: 25 | C68: 205.33333 | D68: 52.5 | E68: 254.83333 | F68: 209.25 | G68: 129 | H68: 22.5 | I68: 1436.92 | J68: 90 | K68: 652.5 | L68: 142 | M68: 172.5 | N68: =+AH68+AG68 -> 16.630331 | O68: =+B68+C68+D68+F68+I68+K68+J68 -> 2671.5033 | P68: =+B68+C68+D68+F68+J68+Q68+R68 -> 2654.873 | Q68: =+I68-AH68 -> 1420.2897 | R68: =+K68-AG68 -> 652.5 | S68: 5608 | T68: 7221 | U68: 166 | V68: 114516 | W68: =+V68-U68-S68+AA68 -> 108742 | X68: =+V68+AB68+AA68 -> 116549 | Z68: 0 | AB68: 2033 | AC68: 81448 | AD68: 114178 | AE68: =+(Z68/AC68*0.92) -> 0 | AF68: =+(AB68/AD68*0.65) -> 0.011573596 | AG68: =+AE68*K68 -> 0 | AH68: =+AF68*I68 -> 16.630331
A69: 45725 | C69: 207.83333 | D69: 37.5 | E69: 0 | F69: 141.75 | G69: 105 | H69: 15 | I69: 620.91667 | J69: 67.5 | K69: 427.83333 | L69: 0 | M69: 112 | N69: =+AH69+AG69 -> 14.46541 | O69: =+B69+C69+D69+F69+I69+K69+J69 -> 1503.3333 | P69: =+B69+C69+D69+F69+J69+Q69+R69 -> 1488.8679 | Q69: =+I69-AH69 -> 606.45126 | R69: =+K69-AG69 -> 427.83333 | S69: 4184 | T69: 6717 | U69: 210 | V69: 62852 | W69: =+V69-U69-S69+AA69 -> 58458 | X69: =+V69+AB69+AA69 -> 65109 | Z69: 0 | AB69: 2257 | AC69: 70293 | AD69: 62972 | AE69: =+(Z69/AC69*0.92) -> 0 | AF69: =+(AB69/AD69*0.65) -> 0.023296862 | AG69: =+AE69*K69 -> 0 | AH69: =+AF69*I69 -> 14.46541
A70: 45726 | B70: 21.5 | C70: 396.08333 | D70: 97.5 | E70: 184.83333 | F70: 292 | G70: 75.416667 | H70: 44.833333 | I70: 2174.8333 | J70: 157.25 | K70: 1274 | L70: 127.75 | M70: 306.83333 | N70: =+AH70+AG70 -> 61.525232 | O70: =+B70+C70+D70+F70+I70+K70+J70 -> 4413.1667 | P70: =+B70+C70+D70+F70+J70+Q70+R70 -> 4351.6414 | Q70: =+I70-AH70 -> 2113.3081 | R70: =+K70-AG70 -> 1274 | S70: 11255 | T70: 13936 | U70: 340 | V70: 176068 | W70: =+V70-U70-S70+AA70 -> 164473 | X70: =+V70+AB70+AA70 -> 183552 | Z70: 0 | AB70: 7484 | AC70: 154478 | AD70: 171957 | AE70: =+(Z70/AC70*0.92) -> 0 | AF70: =+(AB70/AD70*0.65) -> 0.028289631 | AG70: =+AE70*K70 -> 0 | AH70: =+AF70*I70 -> 61.525232
A71: 45727 | B71: 30 | C71: 402.08333 | D71: 86.833333 | E71: 186.75 | F71: 290 | G71: 76 | H71: 59.833333 | I71: 1875.0833 | J71: 135 | K71: 1099.5 | L71: 155.58333 | M71: 306.66667 | N71: =+AH71+AG71 -> 22.2925 | O71: =+B71+C71+D71+F71+I71+K71+J71 -> 3918.5 | P71: =+B71+C71+D71+F71+J71+Q71+R71 -> 3896.2075 | Q71: =+I71-AH71 -> 1852.7908 | R71: =+K71-AG71 -> 1099.5 | S71: 7367 | T71: 10911 | U71: 514 | V71: 167398 | W71: =+V71-U71-S71+AA71 -> 159517 | X71: =+V71+AB71+AA71 -> 170370 | Z71: 0 | AB71: 2972 | AC71: 135916 | AD71: 162489 | AE71: =+(Z71/AC71*0.92) -> 0 | AF71: =+(AB71/AD71*0.65) -> 0.011888805 | AG71: =+AE71*K71 -> 0 | AH71: =+AF71*I71 -> 22.2925
A72: 45728 | B72: 20 | C72: 449.16667 | D72: 88.75 | E72: 169.41667 | F72: 300 | G72: 98.5 | H72: 67.083333 | I72: 1772.25 | J72: 120 | K72: 1057.5 | L72: 157.75 | M72: 311.91667 | N72: =+AH72+AG72 -> 26.590597 | O72: =+B72+C72+D72+F72+I72+K72+J72 -> 3807.6667 | P72: =+B72+C72+D72+F72+J72+Q72+R72 -> 3781.0761 | Q72: =+I72-AH72 -> 1755.3776 | R72: =+K72-AG72 -> 1047.7818 | S72: 5257 | T72: 8987 | U72: 467 | V72: 163484 | W72: =+V72-U72-S72+AA72 -> 157760 | X72: =+V72+AB72+AA72 -> 165829 | Z72: 1253 | AB72: 2345 | AC72: 125439 | AD72: 160105 | AE72: =+(Z72/AC72*0.92) -> 0.0091898054 | AF72: =+(AB72/AD72*0.65) -> 0.0095203148 | AG72: =+AE72*K72 -> 9.7182192 | AH72: =+AF72*I72 -> 16.872378
A73: 45729 | B73: 27.5 | C73: 435.16667 | D73: 90 | E73: 210.25 | F73: 292.25 | G73: 77.333333 | H73: 57.75 | I73: 1908.1667 | J73: 90 | K73: 1147.5 | L73: 164.33333 | M73: 312.91667 | N73: =+AH73+AG73 -> 50.59776 | O73: =+B73+C73+D73+F73+I73+K73+J73 -> 3990.5833 | P73: =+B73+C73+D73+F73+J73+Q73+R73 -> 3939.9856 | Q73: =+I73-AH73 -> 1888.1999 | R73: =+K73-AG73 -> 1116.869 | S73: 5173 | T73: 8869 | U73: 431 | V73: 155528 | W73: =+V73-U73-S73+AA73 -> 149924 | X73: =+V73+AB73+AA73 -> 157981 | Z73: 4197 | AB73: 2453 | AC73: 144650 | AD73: 152377 | AE73: =+(Z73/AC73*0.92) -> 0.026693674 | AF73: =+(AB73/AD73*0.65) -> 0.01046385 | AG73: =+AE73*K73 -> 30.630991 | AH73: =+AF73*I73 -> 19.966769
A74: 45730 | B74: 22.5 | C74: 432.08333 | D74: 89.25 | E74: 207.16667 | F74: 285 | G74: 65.583333 | H74: 64.25 | I74: 1860.1667 | J74: 127.5 | K74: 1072.0833 | L74: 164.33333 | M74: 299.41667 | N74: =+AH74+AG74 -> 222.93834 | O74: =+B74+C74+D74+F74+I74+K74+J74 -> 3888.5833 | P74: =+B74+C74+D74+F74+J74+Q74+R74 -> 3665.645 | Q74: =+I74-AH74 -> 1721.552 | R74: =+K74-AG74 -> 987.75967 | S74: 5275 | T74: 11528 | U74: 588 | V74: 136973 | W74: =+V74-U74-S74+AA74 -> 131110 | X74: =+V74+AB74+AA74 -> 153950 | Z74: 12203 | AB74: 16977 | AC74: 142736 | AD74: 148087 | AE74: =+(Z74/AC74*0.92) -> 0.078654019 | AF74: =+(AB74/AD74*0.65) -> 0.074517345 | AG74: =+AE74*K74 -> 84.323662 | AH74: =+AF74*I74 -> 138.61468
A75: 45731 | B75: 21.833333 | C75: 177.25 | D75: 52.5 | E75: 119.83333 | F75: 194.66667 | G75: 97.5 | H75: 22.5 | I75: 1177.5 | J75: 90 | K75: 846.25 | L75: 127 | M75: 187.08333 | N75: =+AH75+AG75 -> 15.826506 | O75: =+B75+C75+D75+F75+I75+K75+J75 -> 2560 | P75: =+B75+C75+D75+F75+J75+Q75+R75 -> 2544.1735 | Q75: =+I75-AH75 -> 1161.6735 | R75: =+K75-AG75 -> 846.25 | S75: 5328 | T75: 7903 | U75: 315 | V75: 116182 | W75: =+V75-U75-S75+AA75 -> 110539 | X75: =+V75+AB75+AA75 -> 118516 | Z75: 0 | AB75: 2334 | AC75: 101039 | AD75: 112873 | AE75: =+(Z75/AC75*0.92) -> 0 | AF75: =+(AB75/AD75*0.65) -> 0.01344077 | AG75: =+AE75*K75 -> 0 | AH75: =+AF75*I75 -> 15.826506
A76: 45732 | C76: 218.83333 | D76: 34.916667 | E76: 0 | F76: 119.33333 | G76: 112.5 | H76: 15 | I76: 607.16667 | J76: 67.5 | K76: 364.33333 | L76: 0 | M76: 102.83333 | N76: =+AH76+AG76 -> 3.5720972 | O76: =+B76+C76+D76+F76+I76+K76+J76 -> 1412.0833 | P76: =+B76+C76+D76+F76+J76+Q76+R76 -> 1408.5112 | Q76: =+I76-AH76 -> 603.59457 | R76: =+K76-AG76 -> 364.33333 | S76: 2235 | T76: 4992 | U76: 308 | V76: 66153 | W76: =+V76-U76-S76+AA76 -> 63610 | X76: =+V76+AB76+AA76 -> 66734 | Z76: 0 | AB76: 581 | AC76: 57796 | AD76: 64191 | AE76: =+(Z76/AC76*0.92) -> 0 | AF76: =+(AB76/AD76*0.65) -> 0.0058832235 | AG76: =+AE76*K76 -> 0 | AH76: =+AF76*I76 -> 3.5720972
A77: 45733 | B77: 52.5 | C77: 447.58333 | D77: 97.5 | E77: 359.41667 | F77: 352.5 | G77: 144.33333 | H77: 67.333333 | I77: 2091.25 | J77: 135 | K77: 1578.75 | L77: 181.83333 | M77: 327.33333 | N77: =+AH77+AG77 -> 28.539346 | O77: =+B77+C77+D77+F77+I77+K77+J77 -> 4755.0833 | P77: =+B77+C77+D77+F77+J77+Q77+R77 -> 4726.544 | Q77: =+I77-AH77 -> 2062.7107 | R77: =+K77-AG77 -> 1578.75 | S77: 8293 | T77: 8657 | U77: 260 | V77: 191236 | W77: =+V77-U77-S77+AA77 -> 182683 | X77: =+V77+AB77+AA77 -> 195308 | Z77: 0 | AB77: 4072 | AC77: 177836 | AD77: 193947 | AE77: =+(Z77/AC77*0.92) -> 0 | AF77: =+(AB77/AD77*0.65) -> 0.013647027 | AG77: =+AE77*K77 -> 0 | AH77: =+AF77*I77 -> 28.539346
A78: 45734 | B78: 65 | C78: 445.91667 | D78: 97.5 | E78: 350.41667 | F78: 381.91667 | G78: 144.58333 | H78: 67.416667 | I78: 2261.5 | J78: 163.83333 | K78: 1878.6667 | L78: 186.41667 | M78: 330.58333 | N78: =+AH78+AG78 -> 73.649794 | O78: =+B78+C78+D78+F78+I78+K78+J78 -> 5294.3333 | P78: =+B78+C78+D78+F78+J78+Q78+R78 -> 5220.6835 | Q78: =+I78-AH78 -> 2239.9148 | R78: =+K78-AG78 -> 1826.6021 | S78: 11769 | T78: 12489 | U78: 543 | V78: 205049 | W78: =+V78-U78-S78+AA78 -> 192737 | X78: =+V78+AB78+AA78 -> 207982 | Z78: 6135 | AB78: 2933 | AC78: 203662 | AD78: 199740 | AE78: =+(Z78/AC78*0.92) -> 0.027713565 | AF78: =+(AB78/AD78*0.65) -> 0.0095446581 | AG78: =+AE78*K78 -> 52.06455 | AH78: =+AF78*I78 -> 21.585244
A79: 45735 | B79: 70 | C79: 388.66667 | D79: 97.5 | E79: 368 | F79: 357.75 | G79: 120.16667 | H79: 67.083333 | I79: 2138.3333 | J79: 164.5 | K79: 1837.5 | L79: 186.16667 | M79: 329.66667 | N79: =+AH79+AG79 -> 36.184467 | O79: =+B79+C79+D79+F79+I79+K79+J79 -> 5054.25 | P79: =+B79+C79+D79+F79+J79+Q79+R79 -> 5018.0655 | Q79: =+I79-AH79 -> 2102.1489 | R79: =+K79-AG79 -> 1837.5 | S79: 10464 | T79: 11071 | U79: 442 | V79: 145045 | W79: =+V79-U79-S79+AA79 -> 134139 | X79: =+V79+AB79+AA79 -> 148771 | Z79: 0 | AB79: 3726 | AC79: 193563 | AD79: 143123 | AE79: =+(Z79/AC79*0.92) -> 0 | AF79: =+(AB79/AD79*0.65) -> 0.016921809 | AG79: =+AE79*K79 -> 0 | AH79: =+AF79*I79 -> 36.184467
A80: 45736 | B80: 75 | C80: 439.16667 | D80: 97.5 | E80: 359.08333 | F80: 336.91667 | G80: 146.58333 | H80: 66.5 | I80: 2401.1667 | J80: 165 | K80: 1707.0833 | L80: 187.16667 | M80: 329.66667 | N80: =+AH80+AG80 -> 62.801463 | O80: =+B80+C80+D80+F80+I80+K80+J80 -> 5221.8333 | P80: =+B80+C80+D80+F80+J80+Q80+R80 -> 5159.0319 | Q80: =+I80-AH80 -> 2338.3652 | R80: =+K80-AG80 -> 1707.0833 | S80: 9218 | T80: 10261 | U80: 248 | V80: 225363 | W80: =+V80-U80-S80+AA80 -> 215897 | X80: =+V80+AB80+AA80 -> 234873 | Z80: 0 | AB80: 9510 | AC80: 183430 | AD80: 236345 | AE80: =+(Z80/AC80*0.92) -> 0 | AF80: =+(AB80/AD80*0.65) -> 0.026154562 | AG80: =+AE80*K80 -> 0 | AH80: =+AF80*I80 -> 62.801463
A81: 45737 | B81: 45 | C81: 508.5 | D81: 81.166667 | E81: 380.58333 | F81: 381.83333 | G81: 135.25 | H81: 66 | I81: 2402.4167 | J81: 142.5 | K81: 1621.0833 | L81: 187.25 | M81: 327.25 | N81: =+AH81+AG81 -> 23.686809 | O81: =+B81+C81+D81+F81+I81+K81+J81 -> 5182.5 | P81: =+B81+C81+D81+F81+J81+Q81+R81 -> 5158.8132 | Q81: =+I81-AH81 -> 2378.7299 | R81: =+K81-AG81 -> 1621.0833 | S81: 8022 | T81: 8302 | U81: 273 | V81: 203259 | W81: =+V81-U81-S81+AA81 -> 194964 | X81: =+V81+AB81+AA81 -> 206330 | Z81: 0 | AB81: 3071 | AC81: 170675 | AD81: 202458 | AE81: =+(Z81/AC81*0.92) -> 0 | AF81: =+(AB81/AD81*0.65) -> 0.0098595758 | AG81: =+AE81*K81 -> 0 | AH81: =+AF81*I81 -> 23.686809
A82: 45738 | B82: 65 | C82: 472.16667 | D82: 82.5 | E82: 274.33333 | F82: 345 | G82: 170.33333 | H82: 37.5 | I82: 2081.3333 | J82: 127.5 | K82: 1309.3333 | L82: 146 | M82: 311.66667 | N82: =+AH82+AG82 -> 17.012291 | O82: =+B82+C82+D82+F82+I82+K82+J82 -> 4482.8333 | P82: =+B82+C82+D82+F82+J82+Q82+R82 -> 4465.821 | Q82: =+I82-AH82 -> 2064.321 | R82: =+K82-AG82 -> 1309.3333 | S82: 6259 | T82: 6775 | U82: 436 | V82: 183680 | W82: =+V82-U82-S82+AA82 -> 176985 | X82: =+V82+AB82+AA82 -> 185973 | Z82: 0 | AB82: 2293 | AC82: 160613 | AD82: 182346 | AE82: =+(Z82/AC82*0.92) -> 0 | AF82: =+(AB82/AD82*0.65) -> 0.0081737466 | AG82: =+AE82*K82 -> 0 | AH82: =+AF82*I82 -> 17.012291
A83: 45739 | B83: 60 | C83: 346.25 | D83: 82.5 | E83: 0 | F83: 289.58333 | G83: 120 | H83: 37.5 | I83: 2167.75 | J83: 157.25 | K83: 1304.6667 | L83: 98 | M83: 316.25 | N83: =+AH83+AG83 -> 16.071483 | O83: =+B83+C83+D83+F83+I83+K83+J83 -> 4408 | P83: =+B83+C83+D83+F83+J83+Q83+R83 -> 4391.9285 | Q83: =+I83-AH83 -> 2151.6785 | R83: =+K83-AG83 -> 1304.6667 | S83: 9343 | T83: 10039 | U83: 448 | V83: 198523 | W83: =+V83-U83-S83+AA83 -> 188732 | X83: =+V83+AB83+AA83 -> 200735 | Z83: 0 | AB83: 2212 | AC83: 149608 | AD83: 193933 | AE83: =+(Z83/AC83*0.92) -> 0 | AF83: =+(AB83/AD83*0.65) -> 0.0074139007 | AG83: =+AE83*K83 -> 0 | AH83: =+AF83*I83 -> 16.071483
A84: 45740 | B84: 65 | C84: 318.91667 | D84: 82.5 | E84: 388.5 | F84: 362.16667 | G84: 140.58333 | H84: 67.166667 | I84: 2631.0833 | J84: 165 | K84: 1627 | L84: 172.16667 | M84: 329.58333 | N84: =+AH84+AG84 -> 11.041254 | O84: =+B84+C84+D84+F84+I84+K84+J84 -> 5251.6667 | P84: =+B84+C84+D84+F84+J84+Q84+R84 -> 5240.6254 | Q84: =+I84-AH84 -> 2620.0421 | R84: =+K84-AG84 -> 1627 | S84: 11430 | T84: 15442 | U84: 2114 | V84: 228130 | W84: =+V84-U84-S84+AA84 -> 214586 | X84: =+V84+AB84+AA84 -> 229540 | Z84: 0 | AB84: 1410 | AC84: 172650 | AD84: 218398 | AE84: =+(Z84/AC84*0.92) -> 0 | AF84: =+(AB84/AD84*0.65) -> 0.004196467 | AG84: =+AE84*K84 -> 0 | AH84: =+AF84*I84 -> 11.041254
A85: 45741 | B85: 120 | C85: 360.16667 | D85: 82.5 | E85: 386.25 | F85: 394.25 | G85: 146.58333 | H85: 67.416667 | I85: 2698.4167 | J85: 165 | K85: 1465.75 | L85: 179.66667 | M85: 324.41667 | N85: =+AH85+AG85 -> 74.786124 | O85: =+B85+C85+D85+F85+I85+K85+J85 -> 5286.0833 | P85: =+B85+C85+D85+F85+J85+Q85+R85 -> 5211.2972 | Q85: =+I85-AH85 -> 2665.4639 | R85: =+K85-AG85 -> 1423.9167 | S85: 9590 | T85: 15826 | U85: 4661 | V85: 219831 | W85: =+V85-U85-S85+AA85 -> 205580 | X85: =+V85+AB85+AA85 -> 223857 | Z85: 5468 | AB85: 4026 | AC85: 176260 | AD85: 214291 | AE85: =+(Z85/AC85*0.92) -> 0.028540565 | AF85: =+(AB85/AD85*0.65) -> 0.012211899 | AG85: =+AE85*K85 -> 41.833333 | AH85: =+AF85*I85 -> 32.952791
A86: 45742 | B86: 190 | C86: 330.5 | D86: 82.5 | E86: 388.33333 | F86: 307 | G86: 147 | H86: 67.166667 | I86: 2111.25 | J86: 165 | K86: 1005.1667 | L86: 179.33333 | M86: 330 | N86: =+AH86+AG86 -> 80.625784 | O86: =+B86+C86+D86+F86+I86+K86+J86 -> 4191.4167 | P86: =+B86+C86+D86+F86+J86+Q86+R86 -> 4110.7909 | Q86: =+I86-AH86 -> 2054.9507 | R86: =+K86-AG86 -> 980.84019 | S86: 10879 | T86: 16575 | U86: 3882 | V86: 181071 | W86: =+V86-U86-S86+AA86 -> 166310 | X86: =+V86+AB86+AA86 -> 188537 | Z86: 3154 | AB86: 7466 | AC86: 119897 | AD86: 181986 | AE86: =+(Z86/AC86*0.92) -> 0.02420144 | AF86: =+(AB86/AD86*0.65) -> 0.026666337 | AG86: =+AE86*K86 -> 24.32648 | AH86: =+AF86*I86 -> 56.299304
A87: 45743 | B87: 187.5 | C87: 434.91667 | D87: 82.5 | E87: 398.25 | F87: 268.5 | G87: 152.66667 | H87: 67.166667 | I87: 1325.6667 | J87: 165 | K87: 783.5 | L87: 179.08333 | M87: 327.33333 | N87: =+AH87+AG87 -> 64.510522 | O87: =+B87+C87+D87+F87+I87+K87+J87 -> 3247.5833 | P87: =+B87+C87+D87+F87+J87+Q87+R87 -> 3183.0728 | Q87: =+I87-AH87 -> 1292.2427 | R87: =+K87-AG87 -> 752.4134 | S87: 8808 | T87: 13220 | U87: 2750 | V87: 120700 | W87: =+V87-U87-S87+AA87 -> 109142 | X87: =+V87+AB87+AA87 -> 125341 | Z87: 4107 | AB87: 4641 | AC87: 95231 | AD87: 119647 | AE87: =+(Z87/AC87*0.92) -> 0.039676576 | AF87: =+(AB87/AD87*0.65) -> 0.025212918 | AG87: =+AE87*K87 -> 31.086597 | AH87: =+AF87*I87 -> 33.423925
A88: 45744 | B88: 187.5 | C88: 481.83333 | D88: 82.5 | E88: 385 | F88: 257.83333 | G88: 143.83333 | H88: 67 | I88: 1277.8333 | J88: 162.41667 | K88: 746 | L88: 179.08333 | M88: 326.33333 | N88: =+AH88+AG88 -> 46.904084 | O88: =+B88+C88+D88+F88+I88+K88+J88 -> 3195.9167 | P88: =+B88+C88+D88+F88+J88+Q88+R88 -> 3149.0126 | Q88: =+I88-AH88 -> 1230.9292 | R88: =+K88-AG88 -> 746 | S88: 7251 | T88: 9710 | U88: 1457 | V88: 90268 | W88: =+V88-U88-S88+AA88 -> 81560 | X88: =+V88+AB88+AA88 -> 95520 | Z88: 0 | AB88: 5252 | AC88: 63408 | AD88: 93004 | AE88: =+(Z88/AC88*0.92) -> 0 | AF88: =+(AB88/AD88*0.65) -> 0.036705948 | AG88: =+AE88*K88 -> 0 | AH88: =+AF88*I88 -> 46.904084
A89: 45745 | B89: 27.75 | C89: 95.166667 | D89: 23 | E89: 138.66667 | F89: 62 | G89: 120 | H89: 8 | I89: 429.25 | J89: 46 | K89: 186.58333 | L89: 123.25 | M89: 96.666667 | N89: =+AH89+AG89 -> 3.3634524 | O89: =+B89+C89+D89+F89+I89+K89+J89 -> 869.75 | P89: =+B89+C89+D89+F89+J89+Q89+R89 -> 866.38655 | Q89: =+I89-AH89 -> 425.88655 | R89: =+K89-AG89 -> 186.58333 | S89: 1688 | T89: 2314 | U89: 260 | V89: 33763 | W89: =+V89-U89-S89+AA89 -> 31815 | X89: =+V89+AB89+AA89 -> 34156 | Z89: 0 | AB89: 393 | AC89: 27247 | AD89: 32601 | AE89: =+(Z89/AC89*0.92) -> 0 | AF89: =+(AB89/AD89*0.65) -> 0.0078356492 | AG89: =+AE89*K89 -> 0 | AH89: =+AF89*I89 -> 3.3634524
A90: 45746 | C90: 0 | D90: 0 | E90: 0 | F90: 0 | G90: 0 | H90: 0 | I90: 0 | J90: 0 | K90: 0 | L90: 0 | M90: 0 | N90: =+AH90+AG90 -> 0 | O90: =+B90+C90+D90+F90+I90+K90+J90 -> 0 | P90: =+B90+C90+D90+F90+J90+Q90+R90 -> 0 | Q90: =+I90-AH90 -> 0 | R90: =+K90-AG90 -> 0 | W90: =+V90-U90-S90+AA90 -> 0 | X90: =+V90+AB90+AA90 -> 0 | Z90: 0 | AB90: 0 | AC90: 0 | AD90: 0 | AE90: =+(Z90/AC90*0.92) -> #DIV/0!
A91: 45747 | C91: 0 | D91: 0 | E91: 0 | F91: 0 | G91: 0 | H91: 0 | I91: 0 | J91: 0 | K91: 0 | L91: 0 | M91: 0 | N91: =+AH91+AG91 -> 0 | O91: =+B91+C91+D91+F91+I91+K91+J91 -> 0 | P91: =+B91+C91+D91+F91+J91+Q91+R91 -> 0 | Q91: =+I91-AH91 -> 0 | R91: =+K91-AG91 -> 0 | W91: =+V91-U91-S91+AA91 -> 0 | X91: =+V91+AB91+AA91 -> 0 | Z91: 0 | AB91: 0 | AC91: 0 | AD91: 0 | AE91: =+(Z91/AC91*0.92) -> #DIV/0!
A92: 45748 | C92: 0 | D92: 0 | E92: 0 | F92: 0 | G92: 0 | H92: 0 | I92: 0 | J92: 0 | K92: 0 | L92: 0 | M92: 0 | N92: =+AH92+AG92 -> 0 | O92: =+B92+C92+D92+F92+I92+K92+J92 -> 0 | P92: =+B92+C92+D92+F92+J92+Q92+R92 -> 0 | Q92: =+I92-AH92 -> 0 | R92: =+K92-AG92 -> 0 | W92: =+V92-U92-S92+AA92 -> 0 | X92: =+V92+AB92+AA92 -> 0 | Z92: 0 | AB92: 0 | AC92: 0 | AD92: 0 | AE92: =+(Z92/AC92*0.92) -> #DIV/0!
A93: 45749 | B93: 165 | C93: 414.08333 | D93: 79.5 | E93: 429.25 | F93: 257.5 | G93: 68 | H93: 55.5 | I93: 1079.9167 | J93: 150 | K93: 687.08333 | L93: 161 | M93: 291.91667 | N93: =+AH93+AG93 -> 38.716497 | O93: =+B93+C93+D93+F93+I93+K93+J93 -> 2833.0833 | P93: =+B93+C93+D93+F93+J93+Q93+R93 -> 2794.3668 | Q93: =+I93-AH93 -> 1041.2002 | R93: =+K93-AG93 -> 687.08333 | S93: 9695 | T93: 12399 | U93: 1437 | V93: 143413 | W93: =+V93-U93-S93+AA93 -> 132281 | X93: =+V93+AB93+AA93 -> 151135 | Z93: 0 | AB93: 7722 | AC93: 182899 | AD93: 140003 | AE93: =+(Z93/AC93*0.92) -> 0 | AF93: =+(AB93/AD93*0.65) -> 0.035851375 | AG93: =+AE93*K93 -> 0 | AH93: =+AF93*I93 -> 38.716497
A94: 45750 | B94: 170.08333 | C94: 432.16667 | D94: 71.916667 | E94: 454 | F94: 277.5 | G94: 68 | H94: 54.5 | I94: 1639 | J94: 148.16667 | K94: 940.58333 | L94: 168.5 | M94: 313.41667 | N94: =+AH94+AG94 -> 87.192159 | O94: =+B94+C94+D94+F94+I94+K94+J94 -> 3679.4167 | P94: =+B94+C94+D94+F94+J94+Q94+R94 -> 3592.2245 | Q94: =+I94-AH94 -> 1601.399 | R94: =+K94-AG94 -> 890.99221 | S94: 8919 | T94: 12633 | U94: 3290 | V94: 175715 | W94: =+V94-U94-S94+AA94 -> 163506 | X94: =+V94+AB94+AA94 -> 181697 | Z94: 6090 | AB94: 5982 | AC94: 106267 | AD94: 169488 | AE94: =+(Z94/AC94*0.92) -> 0.052723799 | AF94: =+(AB94/AD94*0.65) -> 0.022941447 | AG94: =+AE94*K94 -> 49.591127 | AH94: =+AF94*I94 -> 37.601032
A95: 45751 | B95: 417.5 | C95: 432.5 | D95: 82.25 | E95: 448 | F95: 224.75 | G95: 68 | H95: 63 | I95: 1162.0833 | J95: 165 | K95: 646.16667 | L95: 161 | M95: 306.75 | N95: =+AH95+AG95 -> 28.626749 | O95: =+B95+C95+D95+F95+I95+K95+J95 -> 3130.25 | P95: =+B95+C95+D95+F95+J95+Q95+R95 -> 3101.6233 | Q95: =+I95-AH95 -> 1133.4566 | R95: =+K95-AG95 -> 646.16667 | S95: 6291 | T95: 11528 | U95: 2681 | V95: 119834 | W95: =+V95-U95-S95+AA95 -> 110862 | X95: =+V95+AB95+AA95 -> 124201 | Z95: 0 | AB95: 4367 | AC95: 75019 | AD95: 115229 | AE95: =+(Z95/AC95*0.92) -> 0 | AF95: =+(AB95/AD95*0.65) -> 0.02463399 | AG95: =+AE95*K95 -> 0 | AH95: =+AF95*I95 -> 28.626749
A96: 45752 | B96: 136 | C96: 196.41667 | D96: 27 | E96: 338.5 | F96: 200 | G96: 105 | H96: 22.5 | I96: 873.25 | J96: 75 | K96: 514.16667 | L96: 195 | M96: 152.58333 | N96: =+AH96+AG96 -> 16.708814 | O96: =+B96+C96+D96+F96+I96+K96+J96 -> 2021.8333 | P96: =+B96+C96+D96+F96+J96+Q96+R96 -> 2005.1245 | Q96: =+I96-AH96 -> 856.54119 | R96: =+K96-AG96 -> 514.16667 | S96: 3200 | T96: 7154 | U96: 1465 | V96: 96258 | W96: =+V96-U96-S96+AA96 -> 91593 | X96: =+V96+AB96+AA96 -> 99036 | Z96: 0 | AB96: 2778 | AC96: 65877 | AD96: 94371 | AE96: =+(Z96/AC96*0.92) -> 0 | AF96: =+(AB96/AD96*0.65) -> 0.019134056 | AG96: =+AE96*K96 -> 0 | AH96: =+AF96*I96 -> 16.708814
A97: 45753 | C97: 195 | D97: 52 | E97: 0 | F97: 187.5 | G97: 120 | H97: 15 | I97: 697.08333 | J97: 90 | K97: 558.33333 | L97: 0 | M97: 124.33333 | N97: =+AH97+AG97 -> 14.677904 | O97: =+B97+C97+D97+F97+I97+K97+J97 -> 1779.9167 | P97: =+B97+C97+D97+F97+J97+Q97+R97 -> 1765.2388 | Q97: =+I97-AH97 -> 682.40543 | R97: =+K97-AG97 -> 558.33333 | S97: 4912 | T97: 6708 | U97: 941 | V97: 68490 | W97: =+V97-U97-S97+AA97 -> 62637 | X97: =+V97+AB97+AA97 -> 70587 | Z97: 0 | AB97: 2097 | AC97: 74151 | AD97: 64734 | AE97: =+(Z97/AC97*0.92) -> 0 | AF97: =+(AB97/AD97*0.65) -> 0.021056168 | AG97: =+AE97*K97 -> 0 | AH97: =+AF97*I97 -> 14.677904
A98: 45754 | B98: 240 | C98: 365 | D98: 90 | E98: 327.25 | F98: 281.75 | G98: 142.41667 | H98: 64 | I98: 1151.9167 | J98: 165 | K98: 686.66667 | L98: 130 | M98: 303.75 | N98: =+AH98+AG98 -> 17.345495 | O98: =+B98+C98+D98+F98+I98+K98+J98 -> 2980.3333 | P98: =+B98+C98+D98+F98+J98+Q98+R98 -> 2962.9878 | Q98: =+I98-AH98 -> 1134.5712 | R98: =+K98-AG98 -> 686.66667 | S98: 9433 | T98: 11249 | U98: 572 | V98: 99862 | W98: =+V98-U98-S98+AA98 -> 89857 | X98: =+V98+AB98+AA98 -> 101993 | Z98: 0 | AB98: 2131 | AC98: 110181 | AD98: 91988 | AE98: =+(Z98/AC98*0.92) -> 0 | AF98: =+(AB98/AD98*0.65) -> 0.015057942 | AG98: =+AE98*K98 -> 0 | AH98: =+AF98*I98 -> 17.345495
A99: 45755 | B99: 239.58333 | C99: 295.33333 | D99: 79.583333 | E99: 381 | F99: 269.58333 | G99: 136 | H99: 71.5 | I99: 1152.6667 | J99: 164.66667 | K99: 727.5 | L99: 138.5 | M99: 321 | N99: =+AH99+AG99 -> 12.800877 | O99: =+B99+C99+D99+F99+I99+K99+J99 -> 2928.9167 | P99: =+B99+C99+D99+F99+J99+Q99+R99 -> 2916.1158 | Q99: =+I99-AH99 -> 1139.8658 | R99: =+K99-AG99 -> 727.5 | S99: 6070 | T99: 8734 | U99: 1781 | V99: 117733 | W99: =+V99-U99-S99+AA99 -> 109882 | X99: =+V99+AB99+AA99 -> 119643 | Z99: 0 | AB99: 1910 | AC99: 103249 | AD99: 111792 | AE99: =+(Z99/AC99*0.92) -> 0 | AF99: =+(AB99/AD99*0.65) -> 0.011105446 | AG99: =+AE99*K99 -> 0 | AH99: =+AF99*I99 -> 12.800877
A100: 45756 | B100: 225.5 | C100: 344.83333 | D100: 80 | E100: 340.66667 | F100: 261.5 | G100: 143.08333 | H100: 69.25 | I100: 1146.9167 | J100: 157.5 | K100: 743.08333 | L100: 122.5 | M100: 284.58333 | N100: =+AH100+AG100 -> 182.2572 | O100: =+B100+C100+D100+F100+I100+K100+J100 -> 2959.3333 | P100: =+B100+C100+D100+F100+J100+Q100+R100 -> 2777.0761 | Q100: =+I100-AH100 -> 1050.2269 | R100: =+K100-AG100 -> 657.51587 | S100: 5006 | T100: 7585 | U100: 1736 | V100: 105885 | W100: =+V100-U100-S100+AA100 -> 99143 | X100: =+V100+AB100+AA100 -> 120660 | Z100: 14118 | AB100: 14775 | AC100: 112795 | AD100: 113918 | AE100: =+(Z100/AC100*0.92) -> 0.11515191 | AF100: =+(AB100/AD100*0.65) -> 0.084304061 | AG100: =+AE100*K100 -> 85.567467 | AH100: =+AF100*I100 -> 96.689732
...

Sheet Sayfa1
K1: Müşteri Çıkış Verimlilik(Toplama-Sorter-Kargo) | L1: Crossborder(Toplama-Sorter-Kargo)
K2: 48.589829 | L2: 39.730187
G8: Cr Birim Süre Toplama | H8: =31.63*1.1 -> 34.793
G9: Cr Birim Süre Sorter | H9: =41.4128997661852*1.1 -> 45.55419
G10: Adet | H10: 44617
H11: =+H8*H10+H9*H10*1.1 -> 3788099.7
H12: =+H11/3600 -> 1052.2499

Sheet 2025 Birimler Pivot
A1: 2025Hedef | B1: 38 | C1: 0.1 | F1: 2025Hedef | G1: 38 | J1: 2025Hedef | K1: 345 | N1: 2025Hedef | O1: 113 | R1: 2025Hedef | S1: 79 | V1: 2025Hedef | W1: 72 | Z1: 2025Hedef | AA1: 134 | AD1: 2025Hedef | AE1: 677 | AH1: 2025Hedef | AI1: 18
A2: Genel | B2: =+B16/B1-1 -> -0.035521866 | F2: Müşteri Çıkışı | G2: =+F16/G1-1 -> -0.050309361 | J2: Adresleme | K2: =+J16/K1-1 -> 0.067435333 | N2: Toplama | O2: =+N16/O1-1 -> -0.070033848 | R2: Sorter | S2: =+R16/S1-1 -> 0.016496217 | V2: Tekli-Eksik Sevk | W2: =+V16/W1-1 -> 0.1519006 | Z2: Kargo | AA2: =+Z16/AA1-1 -> -0.13251949 | AD2: Denetim | AE2: =+AD16/AE1-1 -> 0.081436959 | AH2: İade Kabul | AI2: =+AH16/AI1-1 -> 0.25123257
A3: 2025 Ay | B3: 2025 Verimlilik | C3: 2026 Hedef Verimlilik | D3: Oran | F3: 2025 Verimlilik | G3: 2026 Hedef Verimlilik | H3: Oran | J3: 2025 Verimlilik | K3: 2026 Hedef Verimlilik | L3: Oran | N3: 2025 Verimlilik | O3: 2026 Hedef Verimlilik | P3: Oran | R3: 2025 Verimlilik | S3: 2026 Hedef Verimlilik | T3: Oran | V3: 2025 Verimlilik | W3: 2026 Hedef Verimlilik | X3: Oran | Z3: 2025 Verimlilik | AA3: 2026 Hedef Verimlilik | AB3: Oran | AD3: 2025 Verimlilik | AE3: 2026 Hedef Verimlilik | AF3: Oran | AH3: 2025 Verimlilik | AI3: 2026 Hedef Verimlilik | AJ3: Oran
A4: Ocak | B4: 30.664809 | C4: 32 | D4: =+C4/B4-1 -> 0.043541477 | F4: 28.895296 | G4: =+F4*1.1 -> 31.784825 | H4: =(F4*(1+D4)) -> 30.15344 | J4: 229.85024 | K4: =+J4*1.1 -> 252.83527 | N4: 120.70206 | O4: =+N4*1.1 -> 132.77227 | R4: 77.397194 | S4: =+R4*1.1 -> 85.136913 | V4: 55.088174 | W4: =+V4*1.1 -> 60.596992 | Z4: 99.268879 | AA4: =+Z4*1.1 -> 109.19577 | AD4: 688.18489 | AE4: =+AD4*1.1 -> 757.00338 | AF4: 616.42573 | AG4: =+AF4*1.1 -> 678.0683 | AH4: 14.116222 | AI4: =+AH4*1.1 -> 15.527844
A5: Şubat | B5: 38.74524 | C5: 34 | D5: =+C5/B5-1 -> -0.12247285 | F5: 37.721744 | G5: =+F5*1.1 -> 41.493919 | H5: =(F5*(1+D5)) -> 33.101855 | J5: 327.09184 | K5: =+J5*1.1 -> 359.80103 | N5: 144.39306 | O5: =+N5*1.1 -> 158.83236 | R5: 86.905479 | S5: =+R5*1.1 -> 95.596027 | V5: 69.068061 | W5: =+V5*1.1 -> 75.974867 | Z5: 106.08713 | AA5: =+Z5*1.1 -> 116.69585 | AD5: 726.52673 | AE5: =+AD5*1.1 -> 799.1794 | AF5: 722.0273 | AG5: =+AF5*1.1 -> 794.23003 | AH5: 17.237655 | AI5: =+AH5*1.1 -> 18.96142
A6: Mart | B6: 41.618182 | C6: 38 | D6: =+C6/B6-1 -> -0.086937539 | F6: 41.113688 | G6: =+F6*1.1 -> 45.225057 | H6: =(F6*(1+D6)) -> 37.539365 | J6: 435.39432 | K6: =+J6*1.1 -> 478.93375 | N6: 121.8421 | O6: =+N6*1.1 -> 134.0263 | R6: 85.000003 | S6: =+R6*1.1 -> 93.500003 | V6: 76.240255 | W6: =+V6*1.1 -> 83.864281 | Z6: 125.80408 | AA6: =+Z6*1.1 -> 138.38449 | AD6: 877.14691 | AE6: =+AD6*1.1 -> 964.8616 | AF6: 749.01348 | AG6: =+AF6*1.1 -> 823.91483 | AH6: 27.353616 | AI6: =+AH6*1.1 -> 30.088977
A7: Nisan | B7: 40.339406 | C7: 38 | D7: =+C7/B7-1 -> -0.057993073 | F7: 39.355365 | G7: =+F7*1.1 -> 43.290902 | H7: =(F7*(1+D7)) -> 37.073027 | J7: 322.43096 | K7: =+J7*1.1 -> 354.67405 | N7: 138.30348 | O7: =+N7*1.1 -> 152.13383 | R7: 87.272632 | S7: =+R7*1.1 -> 95.999895 | V7: 76.59305 | W7: =+V7*1.1 -> 84.252355 | Z7: 116.5129 | AA7: =+Z7*1.1 -> 128.16419 | AD7: 670.07572 | AE7: =+AD7*1.1 -> 737.08329 | AF7: 670.07572 | AG7: =+AF7*1.1 -> 737.08329 | AH7: 23.938047 | AI7: =+AH7*1.1 -> 26.331851
A8: Mayıs | B8: 39.292866 | C8: 37 | D8: =+C8/B8-1 -> -0.05835324 | F8: 38.900798 | G8: =+F8*1.1 -> 42.790878 | H8: =(F8*(1+D8)) -> 36.630811 | J8: 566.13052 | K8: =+J8*1.1 -> 622.74358 | N8: 98.587236 | O8: =+N8*1.1 -> 108.44596 | R8: 87.108621 | S8: =+R8*1.1 -> 95.819483 | V8: 95.435107 | W8: =+V8*1.1 -> 104.97862 | Z8: 123.67212 | AA8: =+Z8*1.1 -> 136.03933 | AD8: 626.53988 | AE8: =+AD8*1.1 -> 689.19386 | AF8: 611.98097 | AG8: =+AF8*1.1 -> 673.17907 | AH8: 23.654138 | AI8: =+AH8*1.1 -> 26.019552
A9: Haziran | B9: 37.035709 | C9: 42 | D9: =+C9/B9-1 -> 0.13404067 | F9: 36.622494 | G9: =+F9*1.1 -> 40.284743 | H9: =(F9*(1+D9)) -> 41.531398 | J9: 550.45879 | K9: =+J9*1.1 -> 605.50467 | N9: 91.13417 | O9: =+N9*1.1 -> 100.24759 | R9: 84.900106 | S9: =+R9*1.1 -> 93.390116 | V9: 90.252129 | W9: =+V9*1.1 -> 99.277342 | Z9: 121.2327 | AA9: =+Z9*1.1 -> 133.35597 | AD9: 777.93989 | AE9: =+AD9*1.1 -> 855.73388 | AF9: 766.67498 | AG9: =+AF9*1.1 -> 843.34248 | AH9: 26.652762 | AI9: =+AH9*1.1 -> 29.318038
A10: Temmuz | B10: 36.946857 | C10: 42 | D10: =+C10/B10-1 -> 0.13676786 | F10: 35.718934 | G10: =+F10*1.1 -> 39.290828 | H10: =(F10*(1+D10)) -> 40.604137 | J10: 438.98563 | K10: =+J10*1.1 -> 482.88419 | N10: 101.48719 | O10: =+N10*1.1 -> 111.63591 | R10: 87.535067 | S10: =+R10*1.1 -> 96.288574 | V10: 75.954243 | W10: =+V10*1.1 -> 83.549668 | Z10: 117.18498 | AA10: =+Z10*1.1 -> 128.90348 | AD10: 876.63705 | AE10: =+AD10*1.1 -> 964.30076 | AF10: 833.74042 | AG10: =+AF10*1.1 -> 917.11446 | AH10: 20.191325 | AI10: =+AH10*1.1 -> 22.210457
A11: Ağustos | B11: 39.383755 | C11: 44 | D11: =+C11/B11-1 -> 0.11721191 | F11: 38.252458 | G11: =+F11*1.1 -> 42.077703 | H11: =(F11*(1+D11)) -> 42.736101 | J11: 405.81633 | K11: =+J11*1.1 -> 446.39796 | N11: 117.29499 | O11: =+N11*1.1 -> 129.02449 | R11: 86.212754 | S11: =+R11*1.1 -> 94.834029 | V11: 64.25049 | W11: =+V11*1.1 -> 70.675539 | Z11: 122.79765 | AA11: =+Z11*1.1 -> 135.07742 | AD11: 754.52402 | AE11: =+AD11*1.1 -> 829.97642 | AF11: 723.45322 | AG11: =+AF11*1.1 -> 795.79854 | AH11: 22.194499 | AI11: =+AH11*1.1 -> 24.413949
A12: Eylül | B12: 38.737608 | C12: 44 | D12: =+C12/B12-1 -> 0.1358471 | F12: 38.11751 | G12: =+F12*1.1 -> 41.929261 | H12: =(F12*(1+D12)) -> 43.295663 | J12: 395.31965 | K12: =+J12*1.1 -> 434.85161 | N12: 104.00989 | O12: =+N12*1.1 -> 114.41088 | R12: 82.453843 | S12: =+R12*1.1 -> 90.699227 | V12: 84.686893 | W12: =+V12*1.1 -> 93.155582 | Z12: 118.24923 | AA12: =+Z12*1.1 -> 130.07416 | AD12: 617.54628 | AE12: =+AD12*1.1 -> 679.30091 | AF12: 596.16718 | AG12: =+AF12*1.1 -> 655.78389 | AH12: 23.144614 | AI12: =+AH12*1.1 -> 25.459075
A13: Ekim | B13: 35.172921 | C13: 42 | D13: =+C13/B13-1 -> 0.19410044 | F13: 35.641013 | G13: =+F13*1.1 -> 39.205115 | H13: =(F13*(1+D13)) -> 42.55895 | J13: 361.93963 | K13: =+J13*1.1 -> 398.13359 | N13: 87.336218 | O13: =+N13*1.1 -> 96.069839 | R13: 74.171094 | S13: =+R13*1.1 -> 81.588203 | V13: 101.35218 | W13: =+V13*1.1 -> 111.4874 | Z13: 124.67749 | AA13: =+Z13*1.1 -> 137.14524 | AD13: 812.532 | AE13: =+AD13*1.1 -> 893.7852 | AF13: 698.6924 | AG13: =+AF13*1.1 -> 768.56164 | AH13: 23.544637 | AI13: =+AH13*1.1 -> 25.899101
A14: Kasım | B14: 30.194445 | C14: 39 | D14: =+C14/B14-1 -> 0.29162829 | F14: 30.102897 | G14: =+F14*1.1 -> 33.113187 | H14: =(F14*(1+D14)) -> 38.881754 | J14: 229.43832 | K14: =+J14*1.1 -> 252.38215 | N14: 92.745998 | O14: =+N14*1.1 -> 102.0206 | R14: 65.008226 | S14: =+R14*1.1 -> 71.509049 | V14: 93.056782 | W14: =+V14*1.1 -> 102.36246 | Z14: 108.79171 | AA14: =+Z14*1.1 -> 119.67088 | AD14: 684.07823 | AE14: =+AD14*1.1 -> 752.48605 | AF14: 619.03815 | AG14: =+AF14*1.1 -> 680.94197 | AH14: 27.125894 | AI14: =+AH14*1.1 -> 29.838483
A15: Aralık | B15: 34.898625 | C15: 41 | D15: =+C15/B15-1 -> 0.1748314 | F15: 34.330922 | G15: =+F15*1.1 -> 37.764014 | H15: =(F15*(1+D15)) -> 40.333045 | J15: 354.30099 | K15: =+J15*1.1 -> 389.73109 | N15: 101.5332 | O15: =+N15*1.1 -> 111.68652 | R15: 72.480476 | S15: =+R15*1.1 -> 79.728524 | V15: 105.42871 | W15: =+V15*1.1 -> 115.97158 | Z15: 108.27279 | AA15: =+Z15*1.1 -> 119.10007 | AD15: 676.70633 | AE15: =+AD15*1.1 -> 744.37696 | AF15: 662.45241 | AG15: =+AF15*1.1 -> 728.69765 | AH15: 23.894564 | AI15: =+AH15*1.1 -> 26.284021
A16: Toplam | B16: 36.650169 | C16: 39.303678 | D16: =+C16/B16-1 -> 0.072401006 | F16: 36.088244 | G16: =+F16*1.1 -> 39.697069 | H16: =(F16*(1+D16)) -> 38.70107 | J16: 368.26519 | K16: =+J16*1.1 -> 405.09171 | N16: 105.08618 | O16: =+N16*1.1 -> 115.59479 | R16: 80.303201 | S16: =+R16*1.1 -> 88.333521 | V16: 82.936843 | W16: =+V16*1.1 -> 91.230527 | Z16: 116.24239 | AA16: =+Z16*1.1 -> 127.86663 | AD16: 732.13282 | AE16: =+AD16*1.1 -> 805.3461 | AF16: 693.90641 | AG16: =+AF16*1.1 -> 763.29705 | AH16: 22.522186 | AI16: =+AH16*1.1 -> 24.774405
AD18: Satır Etiketleri | AE18: Toplam Gerçekleşen Çalışma Saat | AF18: Toplam Gerçekleşen Adet
AD19: Oca | AE19: 6020.25 | AF19: 3711037 | AG19: 616.42573
AD20: Şub | AE20: 3229.4167 | AF20: 2331727 | AG20: 722.0273
AD21: Mar | AE21: 1817.5 | AF21: 1361332 | AG21: 749.01348
AD22: Nis | AE22: 5326.7667 | AF22: 3569337 | AG22: 670.07572
AD23: May | AE23: 2574.9167 | AF23: 1575800 | AG23: 611.98097
AA24: =43-27 -> 16 | AD24: Haz | AE24: 4316.1667 | AF24: 3309097 | AG24: 766.67498
AD25: Tem | AE25: 5085.1667 | AF25: 4239709 | AG25: 833.74042
AD26: Ağu | AE26: 2052 | AF26: 1484526 | AG26: 723.45322
AD27: Eyl | AE27: 1660.9167 | AF27: 990184 | AG27: 596.16718
AD28: Eki | AE28: 2768.1667 | AF28: 1934097 | AG28: 698.6924
AD29: Kas | AE29: 2782.8333 | AF29: 1722680 | AG29: 619.03815
AD30: Ara | AE30: 3655.5833 | AF30: 2421650 | AG30: 662.45241
AD31: Genel Toplam | AE31: 41289.683 | AF31: 28651176 | AG31: 693.90641

Sheet Haftalık Genel
A1: ADRESLEME | D1: TOPLAMA | G1: SORTER | J1: TEKLİ | M1: KARGO | P1: DENETİM | S1: İADE | V1: GENEL VERİMLİLİK | Y1: MÜŞTERİ ÇIKIŞ
A2: Hafta | B2: 2025 | C2: 2026 | D2: Hafta | E2: 2025 | F2: 2026 | G2: Hafta | H2: 2025 | I2: 2026 | J2: Hafta | K2: 2025 | L2: 2026 | M2: Hafta | N2: 2025 | O2: 2026 | P2: Hafta | Q2: 2025 | R2: 2026 | S2: Hafta | T2: 2025 | U2: 2026 | V2: Hafta | W2: 2025 | X2: 2026 | Y2: Hafta | Z2: 2025 | AA2: 2026
A3: 1. Hafta | B3: 299.76049 | C3: 356.29303 | D3: 1. Hafta | E3: 117.94655 | F3: 125.76457 | G3: 1. Hafta | H3: 74.927313 | I3: 78.470694 | J3: 1. Hafta | K3: 96.464289 | L3: 121.26575 | M3: 1. Hafta | N3: 107.75627 | O3: 114.77516 | P3: 1. Hafta | Q3: 634.14451 | R3: 700.59079 | S3: 1. Hafta | T3: 18.117365 | U3: 16.459505 | V3: 1. Hafta | W3: 34.009338 | X3: 40.546212 | Y3: 1. Hafta | Z3: 28.993011 | AA3: 37.499296
A4: 2. Hafta | B4: 182.66181 | C4: 340.90501 | D4: 2. Hafta | E4: 122.84446 | F4: 111.29462 | G4: 2. Hafta | H4: 73.782496 | I4: 73.211104 | J4: 2. Hafta | K4: 79.248087 | L4: 81.042384 | M4: 2. Hafta | N4: 89.948205 | O4: 141.07038 | P4: 2. Hafta | Q4: 708.49488 | R4: 569.41945 | S4: 2. Hafta | T4: 11.043071 | U4: 20.234861 | V4: 2. Hafta | W4: 29.691618 | X4: 37.968525 | Y4: 2. Hafta | Z4: 26.143243 | AA4: 36.734042
A5: 3. Hafta | B5: 252.96991 | C5: 291.31284 | D5: 3. Hafta | E5: 138.88259 | F5: 97.0634 | G5: 3. Hafta | H5: 82.457815 | I5: 74.636964 | J5: 3. Hafta | K5: 51.537632 | L5: 80.794765 | M5: 3. Hafta | N5: 124.26149 | O5: 148.76938 | P5: 3. Hafta | Q5: 528.06905 | R5: 497.84745 | S5: 3. Hafta | T5: 12.918871 | U5: 21.824467 | V5: 3. Hafta | W5: 33.400133 | X5: 34.622807 | Y5: 3. Hafta | Z5: 31.765964 | AA5: 32.396544
A6: 4. Hafta | B6: 243.24331 | C6: 327.20282 | D6: 4. Hafta | E6: 108.11228 | F6: 111.41916 | G6: 4. Hafta | H6: 78.483692 | I6: 82.705392 | J6: 4. Hafta | K6: 38.371876 | L6: 82.592488 | M6: 4. Hafta | N6: 111.75807 | O6: 129.64474 | P6: 4. Hafta | Q6: 628.82012 | R6: 530.44416 | S6: 4. Hafta | T6: 16.182729 | U6: 18.736231 | V6: 4. Hafta | W6: 30.104089 | X6: 35.510258 | Y6: 4. Hafta | Z6: 28.931448 | AA6: 34.166519
A7: 5. Hafta | B7: 209.28639 | C7: 277 | D7: 5. Hafta | E7: 122.4348 | F7: 94 | G7: 5. Hafta | H7: 81.195172 | I7: 69 | J7: 5. Hafta | K7: 49.320064 | L7: 77 | M7: 5. Hafta | N7: 78.449505 | O7: 143 | P7: 5. Hafta | Q7: 627.63515 | R7: 637 | S7: 5. Hafta | T7: 14.832346 | U7: 17.337259 | V7: 5. Hafta | W7: 31.635602 | X7: 34.889096 | Y7: 5. Hafta | Z7: 30.320736 | AA7: 32.507188
A8: 6. Hafta | B8: 273.31854 | C8: 260.995 | D8: 6. Hafta | E8: 156.01797 | F8: 96.330871 | G8: 6. Hafta | H8: 86.861966 | I8: 66.919752 | J8: 6. Hafta | K8: 63.514739 | L8: 71.179765 | M8: 6. Hafta | N8: 95.704083 | O8: 116.51315 | P8: 6. Hafta | Q8: 548.15289 | R8: 638.34688 | S8: 6. Hafta | T8: 15.328034 | U8: 17.638606 | V8: 6. Hafta | W8: 38.272267 | X8: 31.143019 | Y8: 6. Hafta | Z8: 36.878864 | AA8: 28.668588
A9: 7. Hafta | B9: 378.23261 | C9: 295 | D9: 7. Hafta | E9: 139.2921 | F9: 94 | G9: 7. Hafta | H9: 83.650181 | I9: 68 | J9: 7. Hafta | K9: 69.194824 | L9: 76 | M9: 7. Hafta | N9: 119.93928 | O9: 124 | P9: 7. Hafta | Q9: 733.76285 | R9: 682 | S9: 7. Hafta | T9: 17.661772 | U9: 17 | V9: 7. Hafta | W9: 39.314555 | X9: 30 | Y9: 7. Hafta | Z9: 38.73987 | AA9: 28.660186
A10: 8. Hafta | B10: 351.32777 | C10: 344 | D10: 8. Hafta | E10: 148.06776 | F10: 101 | G10: 8. Hafta | H10: 87.171021 | I10: 72 | J10: 8. Hafta | K10: 72.685469 | L10: 84 | M10: 8. Hafta | N10: 111.32742 | O10: 122 | P10: 8. Hafta | Q10: 806.83895 | R10: 688 | S10: 8. Hafta | T10: 20.283621 | U10: 15 | V10: 8. Hafta | W10: 37.820537 | X10: 33 | Y10: 8. Hafta | Z10: 36.446232 | AA10: 31.921753
A11: 9. Hafta | B11: 329.41632 | C11: 326 | D11: 9. Hafta | E11: 137.37551 | F11: 116 | G11: 9. Hafta | H11: 89.634664 | I11: 81 | J11: 9. Hafta | K11: 77.345897 | L11: 80 | M11: 9. Hafta | N11: 99.56117 | O11: 133 | P11: 9. Hafta | Q11: 819.50221 | R11: 677 | S11: 9. Hafta | T11: 17.136655 | U11: 20 | V11: 9. Hafta | W11: 40.027574 | X11: 38 | Y11: 9. Hafta | Z11: 39.204935 | AA11: 36.996532
A12: 10. Hafta | B12: 263.58707 | C12: 344 | D12: 10. Hafta | E12: 150.77093 | F12: 116 | G12: 10. Hafta | H12: 90.465991 | I12: 72 | J12: 10. Hafta | K12: 75.510773 | L12: 97 | M12: 10. Hafta | N12: 119.87275 | O12: 133 | P12: 10. Hafta | Q12: 623.58212 | R12: 633 | S12: 10. Hafta | T12: 19.548313 | U12: 23 | V12: 10. Hafta | W12: 44.061971 | X12: 35 | Y12: 10. Hafta | Z12: 43.121963 | AA12: 35.448354
A13: 11. Hafta | B13: 421.11723 | C13: 371 | D13: 11. Hafta | E13: 125.34725 | F13: 112 | G13: 11. Hafta | H13: 85.592459 | I13: 79 | J13: 11. Hafta | K13: 85.266434 | L13: 79 | M13: 11. Hafta | N13: 125.3292 | O13: 167 | P13: 11. Hafta | Q13: 796.13023 | R13: 572 | S13: 11. Hafta | T13: 41.469047 | U13: 28 | V13: 11. Hafta | W13: 42.388798 | X13: 39 | Y13: 11. Hafta | Z13: 41.909481 | AA13: 38.525968
... A37: 35. Hafta | B37: 376.07862 | C37: 328.96351 | D37: 35. Hafta | E37: 112.53006 | F37: 75.435261 | G37: 35. Hafta | H37: 80.329912 | I37: 69.005443 | J37: 35. Hafta | K37: 65.11952 | L37: 0.59739167 | M37: 35. Hafta | N37: 121.80601 | O37: 123.45785 | P37: 35. Hafta | Q37: 672.98913 | R37: 436.15513 | S37: 35. Hafta | T37: 23.180708 | U37: 29.896041 | V37: 35. Hafta | W37: 39.15079 | X37: 31.603937 | Y37: 35. Hafta | Z37: 38.200471 | AA37: 31.294091
A38: 36. Hafta | B38: 370.87631 | C38: 314.38406 | D38: 36. Hafta | E38: 121.19701 | F38: 85.564877 | G38: 36. Hafta | H38: 93.069985 | I38: 64.314738 | J38: 36. Hafta | K38: 67.493899 | M38: 36. Hafta | N38: 114.49063 | O38: 122.60148 | P38: 36. Hafta | Q38: 607.29694 | R38: 549.86602 | S38: 36. Hafta | T38: 23.628301 | U38: 26.157517 | V38: 36. Hafta | W38: 40.430312 | X38: 28.798265 | Y38: 36. Hafta | Z38: 38.596018 | AA38: 28.714515
A39: 37. Hafta | B39: 384.63 | C39: 361.54598 | D39: 37. Hafta | E39: 99.128459 | F39: 105.1445 | G39: 37. Hafta | H39: 73.425509 | I39: 65.22585 | J39: 37. Hafta | K39: 92.110949 | M39: 37. Hafta | N39: 119.921 | O39: 102.40113 | P39: 37. Hafta | Q39: 735.30544 | R39: 544.76227 | S39: 37. Hafta | T39: 22.821048 | U39: 24.631402 | V39: 37. Hafta | W39: 35.942544 | X39: 32.163754 | Y39: 37. Hafta | Z39: 35.769385 | AA39: 32.408478
A40: 38. Hafta | B40: 390.68053 | C40: 325.94091 | D40: 38. Hafta | E40: 107.31027 | F40: 97.614343 | G40: 38. Hafta | H40: 81.699856 | I40: 66.921446 | J40: 38. Hafta | K40: 86.365157 | M40: 38. Hafta | N40: 111.41793 | O40: 108.00086 | P40: 38. Hafta | Q40: 480.56879 | R40: 546.36961 | S40: 38. Hafta | T40: 21.867794 | U40: 27.603799 | V40: 38. Hafta | W40: 39.413136 | X40: 32.52869 | Y40: 38. Hafta | Z40: 38.31572 | AA40: 30.667368
A41: 39. Hafta | B41: 424.3766 | C41: 321.65522 | D41: 39. Hafta | E41: 96.805891 | F41: 96.767208 | G41: 39. Hafta | H41: 85.448411 | I41: 65.801726 | J41: 39. Hafta | K41: 94.762915 | M41: 39. Hafta | N41: 119.22686 | O41: 134.53555 | P41: 39. Hafta | Q41: 634.77029 | R41: 570.85644 | S41: 39. Hafta | T41: 24.164461 | U41: 28.477437 | V41: 39. Hafta | W41: 40.374145 | X41: 32.170976 | Y41: 39. Hafta | Z41: 40.373023 | AA41: 29.906634
A42: 40. Hafta | B42: 409.74352 | C42: 315.77529 | D42: 40. Hafta | E42: 96.838529 | F42: 97.594338 | G42: 40. Hafta | H42: 79.268525 | I42: 63.751607 | J42: 40. Hafta | K42: 90.785971 | M42: 40. Hafta | N42: 126.67005 | O42: 142.93177 | P42: 40. Hafta | Q42: 608.90476 | R42: 482.48329 | S42: 40. Hafta | T42: 27.512653 | U42: 23.672401 | V42: 40. Hafta | W42: 37.767192 | X42: 31.10747 | Y42: 40. Hafta | Z42: 38.094299 | AA42: 29.613395
A43: 41. Hafta | B43: 329.83949 | C43: 319.2642 | D43: 41. Hafta | E43: 94.6808 | F43: 85.52357 | G43: 41. Hafta | H43: 84.37696 | I43: 61.940008 | J43: 41. Hafta | K43: 96.985804 | M43: 41. Hafta | N43: 125.172 | O43: 138.733 | P43: 41. Hafta | Q43: 657.14978 | R43: 487.82276 | S43: 41. Hafta | T43: 25.296508 | U43: 23.377638 | V43: 41. Hafta | W43: 37.309644 | X43: 28.829382 | Y43: 41. Hafta | Z43: 37.296639 | AA43: 27.563675
A44: 42. Hafta | B44: 333.88474 | D44: 42. Hafta | E44: 76.996455 | G44: 42. Hafta | H44: 77.717478 | J44: 42. Hafta | K44: 103.25832 | M44: 42. Hafta | N44: 117.64861 | P44: 42. Hafta | Q44: 696.91297 | S44: 42. Hafta | T44: 23.152958 | V44: 42. Hafta | W44: 35.276655 | Y44: 42. Hafta | Z44: 35.31613
A45: 43. Hafta | B45: 452.45298 | D45: 43. Hafta | E45: 80.988697 | G45: 43. Hafta | H45: 70.01145 | J45: 43. Hafta | K45: 110.15342 | M45: 43. Hafta | N45: 130.32926 | P45: 43. Hafta | Q45: 761.84422 | S45: 43. Hafta | T45: 20.589953 | V45: 43. Hafta | W45: 35.980858 | Y45: 43. Hafta | Z45: 35.980858
A46: 44. Hafta | B46: 332.35356 | D46: 44. Hafta | E46: 100.72527 | G46: 44. Hafta | H46: 65.911916 | J46: 44. Hafta | K46: 95.283019 | M46: 44. Hafta | N46: 126.35915 | P46: 44. Hafta | Q46: 665.45018 | S46: 44. Hafta | T46: 24.413215 | V46: 44. Hafta | W46: 30.796837 | Y46: 44. Hafta | Z46: 32.653173
A47: 45. Hafta | B47: 247.75443 | D47: 45. Hafta | E47: 87.057246 | G47: 45. Hafta | H47: 62.342276 | J47: 45. Hafta | K47: 104.01025 | M47: 45. Hafta | N47: 118.25864 | P47: 45. Hafta | Q47: 684.12595 | S47: 45. Hafta | T47: 25.017681 | V47: 45. Hafta | W47: 29.53466 | Y47: 45. Hafta | Z47: 30.12525
A48: 46. Hafta | B48: 192.30362 | D48: 46. Hafta | E48: 89.651303 | G48: 46. Hafta | H48: 63.787514 | J48: 46. Hafta | K48: 79.906977 | M48: 46. Hafta | N48: 103.17299 | P48: 46. Hafta | Q48: 573.79172 | S48: 46. Hafta | T48: 29.883515 | V48: 46. Hafta | W48: 28.862092 | Y48: 46. Hafta | Z48: 28.647152
A49: 47. Hafta | B49: 237.43398 | D49: 47. Hafta | E49: 93.744664 | G49: 47. Hafta | H49: 65.916841 | J49: 47. Hafta | K49: 94.411799 | M49: 47. Hafta | N49: 107.01622 | P49: 47. Hafta | Q49: 628.15222 | S49: 47. Hafta | T49: 26.248518 | V49: 47. Hafta | W49: 31.45098 | Y49: 47. Hafta | Z49: 30.388873
A50: 48. Hafta | B50: 216.74822 | D50: 48. Hafta | E50: 96.369961 | G50: 48. Hafta | H50: 66.832225 | J50: 48. Hafta | K50: 95.446339 | M50: 48. Hafta | N50: 105.79406 | P50: 48. Hafta | Q50: 588.80764 | S50: 48. Hafta | T50: 27.412632 | V50: 48. Hafta | W50: 30.584288 | Y50: 48. Hafta | Z50: 30.428908
A51: 49. Hafta | B51: 244.5223 | D51: 49. Hafta | E51: 93.649552 | G51: 49. Hafta | H51: 72.450768 | J51: 49. Hafta | K51: 111.11505 | M51: 49. Hafta | N51: 100.2691 | P51: 49. Hafta | Q51: 586.31831 | S51: 49. Hafta | T51: 24.825309 | V51: 49. Hafta | W51: 32.468174 | Y51: 49. Hafta | Z51: 31.791194
A52: 50. Hafta | B52: 453.41949 | D52: 50. Hafta | E52: 95.678232 | G52: 50. Hafta | H52: 71.026271 | J52: 50. Hafta | K52: 117.40167 | M52: 50. Hafta | N52: 100.79676 | P52: 50. Hafta | Q52: 494.63802 | S52: 50. Hafta | T52: 27.488279 | V52: 50. Hafta | W52: 35.833199 | Y52: 50. Hafta | Z52: 35.539683
A53: 51. Hafta | B53: 428.67907 | D53: 51. Hafta | E53: 106.29268 | G53: 51. Hafta | H53: 69.571755 | J53: 51. Hafta | K53: 119.98651 | M53: 51. Hafta | N53: 106.04666 | P53: 51. Hafta | Q53: 745.35389 | S53: 51. Hafta | T53: 28.633883 | V53: 51. Hafta | W53: 33.747109 | Y53: 51. Hafta | Z53: 33.192101
A54: 52. Hafta | B54: 380.84843 | D54: 52. Hafta | E54: 107.64542 | G54: 52. Hafta | H54: 76.595407 | J54: 52. Hafta | K54: 71.187218 | M54: 52. Hafta | N54: 133.97562 | P54: 52. Hafta | Q54: 707.23281 | S54: 52. Hafta | T54: 20.845898 | V54: 52. Hafta | W54: 36.595362 | Y54: 52. Hafta | Z54: 35.720151

Sheet KPI TABLO
B1: Adresleme | F1: Toplama | J1: Sorter | N1: Tekli | R1: Kargo | V1: Adres Denetim | Z1: İade | AD1: Genel | AH1: Müşteri
A2: 41. Hafta | B2: Hafta | C2: 2025 | D2: 2026 | F2: Hafta | G2: 2025 | H2: 2026 | J2: Hafta | K2: 2025 | L2: 2026 | N2: Hafta | O2: 2025 | P2: 2026 | R2: Hafta | S2: 2025 | T2: 2026 | V2: Hafta | W2: 2025 | X2: 2026 | Z2: Hafta | AA2: 2025 | AB2: 2026 | AD2: Hafta | AE2: 2025 | AF2: 2026 | AH2: Hafta | AI2: 2025 | AJ2: 2026
B3: =+LEFT(B4,2)-1&". Hafta" -> 38. Hafta | C3: =+VLOOKUP(B3,'Haftalık Genel'!A:AA,2,0) -> 390.68053 | D3: =+VLOOKUP(B3,'Haftalık Genel'!A:C,3,0) -> 325.94091 | F3: =+LEFT(F4,2)-1&". Hafta" -> 38. Hafta | G3: =+VLOOKUP(F3,'Haftalık Genel'!D:F,2,0) -> 107.31027 | H3: =+VLOOKUP(F3,'Haftalık Genel'!D:F,3,0) -> 97.614343 | J3: =+LEFT(J4,2)-1&". Hafta" -> 38. Hafta | K3: =+VLOOKUP(J3,'Haftalık Genel'!G:I,2,0) -> 81.699856 | L3: =+VLOOKUP(J3,'Haftalık Genel'!G:I,3,0) -> 66.921446 | N3: =+LEFT(N4,2)-1&". Hafta" -> 38. Hafta | O3: =+VLOOKUP(N3,'Haftalık Genel'!J:L,2,0) -> 86.365157 | P3: =+VLOOKUP(N3,'Haftalık Genel'!J:L,3,0) -> 0 | R3: =+LEFT(R4,2)-1&". Hafta" -> 38. Hafta | S3: =+VLOOKUP(R3,'Haftalık Genel'!M:O,2,0) -> 111.41793 | T3: =+VLOOKUP(R3,'Haftalık Genel'!M:O,3,0) -> 108.00086 | V3: =+LEFT(V4,2)-1&". Hafta" -> 38. Hafta | W3: =+VLOOKUP(V3,'Haftalık Genel'!P:R,2,0) -> 480.56879 | X3: =+VLOOKUP(V3,'Haftalık Genel'!P:R,3,0) -> 546.36961 | Z3: =+LEFT(Z4,2)-1&". Hafta" -> 38. Hafta | AA3: =+VLOOKUP(Z3,'Haftalık Genel'!S:U,2,0) -> 21.867794 | AB3: =+VLOOKUP(Z3,'Haftalık Genel'!S:U,3,0) -> 27.603799 | AD3: =+LEFT(AD4,2)-1&". Hafta" -> 38. Hafta | AE3: =+VLOOKUP(AD3,'Haftalık Genel'!V:X,2,0) -> 39.413136 | AF3: =+VLOOKUP(AD3,'Haftalık Genel'!V:X,3,0) -> 32.52869 | AH3: =+LEFT(AH4,2)-1&". Hafta" -> 38. Hafta | AI3: =+VLOOKUP(AH3,'Haftalık Genel'!Y:AA,2,0) -> 38.31572 | AJ3: =+VLOOKUP(AH3,'Haftalık Genel'!Y:AA,3,0) -> 30.667368
B4: =+LEFT(B5,2)-1&". Hafta" -> 39. Hafta | C4: =+VLOOKUP(B4,'Haftalık Genel'!A:AA,2,0) -> 424.3766 | D4: =+VLOOKUP(B4,'Haftalık Genel'!A:C,3,0) -> 321.65522 | F4: =+LEFT(F5,2)-1&". Hafta" -> 39. Hafta | G4: =+VLOOKUP(F4,'Haftalık Genel'!D:F,2,0) -> 96.805891 | H4: =+VLOOKUP(F4,'Haftalık Genel'!D:F,3,0) -> 96.767208 | J4: =+LEFT(J5,2)-1&". Hafta" -> 39. Hafta | K4: =+VLOOKUP(J4,'Haftalık Genel'!G:I,2,0) -> 85.448411 | L4: =+VLOOKUP(J4,'Haftalık Genel'!G:I,3,0) -> 65.801726 | N4: =+LEFT(N5,2)-1&". Hafta" -> 39. Hafta | O4: =+VLOOKUP(N4,'Haftalık Genel'!J:L,2,0) -> 94.762915 | P4: =+VLOOKUP(N4,'Haftalık Genel'!J:L,3,0) -> 0 | R4: =+LEFT(R5,2)-1&". Hafta" -> 39. Hafta | S4: =+VLOOKUP(R4,'Haftalık Genel'!M:O,2,0) -> 119.22686 | T4: =+VLOOKUP(R4,'Haftalık Genel'!M:O,3,0) -> 134.53555 | V4: =+LEFT(V5,2)-1&". Hafta" -> 39. Hafta | W4: =+VLOOKUP(V4,'Haftalık Genel'!P:R,2,0) -> 634.77029 | X4: =+VLOOKUP(V4,'Haftalık Genel'!P:R,3,0) -> 570.85644 | Z4: =+LEFT(Z5,2)-1&". Hafta" -> 39. Hafta | AA4: =+VLOOKUP(Z4,'Haftalık Genel'!S:U,2,0) -> 24.164461 | AB4: =+VLOOKUP(Z4,'Haftalık Genel'!S:U,3,0) -> 28.477437 | AD4: =+LEFT(AD5,2)-1&". Hafta" -> 39. Hafta | AE4: =+VLOOKUP(AD4,'Haftalık Genel'!V:X,2,0) -> 40.374145 | AF4: =+VLOOKUP(AD4,'Haftalık Genel'!V:X,3,0) -> 32.170976 | AH4: =+LEFT(AH5,2)-1&". Hafta" -> 39. Hafta | AI4: =+VLOOKUP(AH4,'Haftalık Genel'!Y:AA,2,0) -> 40.373023 | AJ4: =+VLOOKUP(AH4,'Haftalık Genel'!Y:AA,3,0) -> 29.906634
